sample_date,samples,risk_score_mean,risk_score_weighted_mean,risk_hev_product_mean,hazard_index_mean,exposure_index_mean,vulnerability_index_mean,risk_eal_usd_sum,expected_property_loss_usd_weighted_sum,expected_property_loss_usd_hev_sum,expected_population_affected_sum,expected_housing_units_affected_sum
2020-01-02,2,0.006727689567889346,0.281903659108635,0.006727689567889346,0.022155269049107952,0.4874867486136034,0.6229,8826964.1822057,369867467.378598,8826964.1822057,55.04595604447063,23.21052900921824
2020-01-04,2,0.002690232318461737,0.19337613769130507,0.002690232318461737,0.01865082606673235,0.3032024155264629,0.46545000000000003,1420852.162833321,90779885.1286627,1420852.162833321,20.595765271424092,4.873992037452546
2020-01-06,12,0.005259379741214827,0.232489609609835,0.005259379741214827,0.025970386496434558,0.38273694342761466,0.5234166666666668,47652608.18874123,2007367982.215825,47652608.18874123,290.0378622471439,136.4851595449985
2020-01-07,10,0.007451544172591194,0.24790960899211623,0.007451544172591194,0.03357320912182325,0.405610014770682,0.5472,62063993.380497955,2064841860.3010352,62063993.380497955,407.6739816824642,199.6268683837181
2020-01-10,8,0.007518820105881736,0.24550025114055202,0.007518820105881736,0.029883717652410213,0.4529529743811564,0.4733625,37478268.54338718,1286520015.6103454,37478268.54338718,316.6355750515454,95.2116879821718
2020-01-13,20,0.0035395084417972345,0.20346027459741997,0.0035395084417972345,0.022959325741976448,0.34641537242143916,0.44028,64344018.44758781,3612666766.611142,64344018.44758781,249.76560389619266,129.16407339785323
2020-01-15,15,0.0029636239506952507,0.2059333236677244,0.0029636239506952507,0.020672120464344787,0.33075087811850673,0.48186,22930867.10942722,1678859483.049361,22930867.10942722,178.53390271477858,65.49956484442751
2020-01-17,6,0.004414166110094257,0.24259332500355643,0.004414166110094257,0.021613950065026633,0.2618100554590325,0.7662166666666667,4621835.704466888,260407487.1764416,4621835.704466888,89.13460748591098,31.931434148286623
2020-01-21,2,0.008349735649779425,0.2499189120943226,0.008349735649779425,0.037625020369887296,0.40555467303126314,0.5472,13909008.014820997,416315473.5883292,13909008.014820997,91.36280747988647,44.737883611518164
2020-01-28,3,0.006198543889262474,0.28856643536683113,0.006198543889262474,0.0205987536658843,0.3709568617796298,0.8349000000000001,2391126.6342511605,110601612.26716347,2391126.6342511605,47.879474746783785,16.472588608363928
2020-01-30,16,0.003988593553101001,0.21271451359424595,0.003988593553101001,0.02391605975572015,0.2827382790546196,0.579675,13007532.747959292,719809957.895182,13007532.747959292,112.48634952450932,58.961401754618535
2020-02-03,29,0.006896516061448877,0.2727596313125666,0.006896516061448877,0.02567154833854268,0.38943124794891515,0.7154724137931034,81965907.62002972,3246018095.7130375,81965907.62002972,1054.7850380444813,296.4921536419974
2020-02-04,26,0.00792527923179966,0.3001591957300207,0.00792527923179966,0.02500801139439524,0.46632499241710257,0.7387884615384616,86930433.9283667,3495867448.6123185,86930433.9283667,945.6903916988665,326.62331249645155
2020-02-05,13,0.004604460940573657,0.2173435178905825,0.004604460940573657,0.03177979044043097,0.3920505371063517,0.41919230769230775,77402946.68669792,2836947456.4646697,77402946.68669792,203.7770671097814,91.53240109154649
2020-02-06,22,0.004829852257737729,0.2315385394733088,0.004829852257737729,0.030189817263321383,0.4740999815933724,0.37106818181818185,77836252.54800108,4591608870.349329,77836252.54800108,382.7773408378914,160.7403868436064
2020-02-07,15,0.0073979220248299995,0.25588676723110737,0.0073979220248299995,0.033873246982693624,0.41990936802142403,0.5648866666666666,126881042.70085125,3650476286.29793,126881042.70085125,403.1216757458525,154.75120535294946
2020-02-08,7,0.00496351715469852,0.22610966865296803,0.00496351715469852,0.0285056339842932,0.2937704579170237,0.6186285714285714,10984530.132222818,477999163.0435022,10984530.132222818,73.48609795008397,47.84068491077937
2020-02-10,29,0.005781722789175039,0.24729534739703615,0.005781722789175039,0.024978432097825465,0.3809376792063884,0.6026241379310344,87805806.75435524,3639482687.179513,87805806.75435524,736.7512013712707,254.31697829395517
2020-02-12,21,0.006112662642553623,0.2151622419261342,0.006112662642553623,0.042083831415289874,0.31255029374417054,0.5017761904761905,38799274.067615256,1390131800.2043118,38799274.067615256,294.7521671562484,156.72270471213488
2020-02-13,16,0.005136025658238282,0.2048242747866783,0.005136025658238282,0.0373081965371966,0.2942964217269333,0.48940625,28813683.010228552,1235512321.3676472,28813683.010228552,207.06860130610934,95.90656996626466
2020-02-14,6,0.0038467382389157493,0.190864888515477,0.0038467382389157493,0.03334173715362942,0.2896356220177633,0.43651666666666666,9130201.36214877,431275577.776815,9130201.36214877,72.845482335539,33.692407324255754
2020-02-16,8,0.0038385146590956165,0.22949338730013433,0.0038385146590956165,0.020872633205726677,0.44877356899090326,0.422125,19084585.116360165,1126275500.1321616,19084585.116360165,117.49036361043846,44.91562733053671
2020-02-19,45,0.007386150865518371,0.25528545596975916,0.007386150865518371,0.039669416720668434,0.41956619573512016,0.5479044444444444,193207701.91792926,6621609372.362758,193207701.91792926,1197.852996714964,495.0449630850912
2020-02-21,11,0.0059785377458221635,0.24839094610582438,0.0059785377458221635,0.025980974632230636,0.4331227414202424,0.5273181818181818,39457957.406387284,1561205692.6931326,39457957.406387284,378.0973547927524,127.36937726379358
2020-02-22,6,0.0046861605290801295,0.1924967512533312,0.0046861605290801295,0.038218471842507463,0.25991393999581375,0.4770666666666667,7740625.060934915,316171388.6975529,7740625.060934915,46.23279754680781,32.06932047666009
2020-02-23,31,0.007255810360992304,0.23972972051640606,0.007255810360992304,0.03752623240072877,0.3088435197631496,0.6415677419354838,142390034.93626836,4749950641.758498,142390034.93626836,987.6843279982647,451.67604900561525
2020-02-24,11,0.0032837576905637763,0.19206973908393363,0.0032837576905637763,0.0250204830345782,0.2845134767372999,0.47102727272727274,10384793.510370685,598033821.8375888,10384793.510370685,67.39012806784687,34.05276025834119
2020-02-27,5,0.005807511794681976,0.21016617110757854,0.005807511794681976,0.042192215472459736,0.31750021123782896,0.46909999999999996,12063295.521562837,427204281.59583515,12063295.521562837,73.08157027359921,40.43260504831895
2020-02-28,1,0.011429693415872126,0.34202861172819166,0.011429693415872126,0.0668068379163742,0.9023506425666818,0.1896,13839629.414007323,414144899.87388563,13839629.414007323,46.99889932606618,15.692969059992429
2020-02-29,4,0.010010533546304975,0.2918064666429299,0.010010533546304975,0.030772861558943952,0.4792001195448598,0.6633,15418269.748611134,470215717.44815433,15418269.748611134,137.82687418694158,43.91130018456281
2020-03-01,25,0.008788655297992784,0.2647015661524974,0.008788655297992784,0.033842656314372964,0.38026745998436967,0.6685,80976853.18945934,2510813862.82027,80976853.18945934,1101.8243729368003,305.0315334718579
2020-03-02,3,0.009272136452102968,0.29984239691303993,0.009272136452102968,0.027971827114621733,0.38841050007465244,0.8466666666666667,10907579.7995432,373880411.6902098,10907579.7995432,115.4863862261803,39.33292691598734
2020-03-03,19,0.008477925857976867,0.26108156299803476,0.008477925857976867,0.032936159423307326,0.4234063477967089,0.5879578947368421,75068139.56262761,2392982409.133209,75068139.56262761,665.9917169431105,228.25853542832505
2020-03-05,8,0.006131625406048633,0.2375143973426635,0.006131625406048633,0.03272670460864896,0.38536181679446346,0.5277125,28034121.42498075,1109813994.5777683,28034121.42498075,180.6645833066207,75.50288951988142
2020-03-06,2,0.004857373112279009,0.17715323601501923,0.004857373112279009,0.0535155571997165,0.26845152471720324,0.34930000000000005,3685258.020966867,141877190.21450415,3685258.020966867,21.683668267485267,12.71382609214442
2020-03-08,3,0.010638680650664348,0.32484152179415465,0.010638680650664348,0.026486338426669403,0.4724167308249554,0.8493666666666666,6323908.734613817,199648067.78683954,6323908.734613817,176.00272740849067,32.36221798982986
2020-03-09,7,0.006353934631576401,0.24037998410113073,0.006353934631576401,0.02545057476631226,0.346220417631344,0.6189428571428571,20987483.06902082,717230456.1558071,20987483.06902082,214.89042004454274,71.1433792574901
2020-03-10,15,0.007737207703113351,0.24873453935919906,0.007737207703113351,0.03323840138812854,0.36941112888378264,0.60646,51161961.30104528,1771268938.272868,51161961.30104528,462.5477514426181,174.44872131121775
2020-03-11,6,0.003954462866380875,0.19671533534676233,0.003954462866380875,0.029293536208569948,0.3220063352527023,0.42733333333333334,12513477.09623872,602653413.6664609,12513477.09623872,68.76398914035286,31.298787491074165
2020-03-13,5,0.004389295746233149,0.20096788070717633,0.004389295746233149,0.033629913255572255,0.36884308026463397,0.3675,12284104.040942084,507860657.46155494,12284104.040942084,80.76301021060891,36.714720279721504
2020-03-14,1,0.008628062371525583,0.2943173165466834,0.008628062371525583,0.0313881151378154,0.2844108632592523,0.9665,1442794.943441354,49216094.853716254,1442794.943441354,35.150726101595225,8.567665934924904
2020-03-17,4,0.013162067179003565,0.3150790154382755,0.013162067179003565,0.0381620423868298,0.3773933141495352,0.9139,18427041.465757396,441114150.4985586,18427041.465757396,224.33427299893674,68.02156318109043
2020-03-18,2,0.004943839435592891,0.2293144922981566,0.004943839435592891,0.02556912321597335,0.3973664356338996,0.4866,4876247.262829465,226179304.55945617,4876247.262829465,31.88776435957415,12.221171084785627
2020-03-19,7,0.002700593638212342,0.19263668680666493,0.002700593638212342,0.018936399104339672,0.3016473384673647,0.46337142857142855,7816196.071805333,519393395.4397731,7816196.071805333,59.86973846900625,26.81474564457007
2020-03-21,6,0.002594833140782061,0.18581235671146676,0.002594833140782061,0.02153895640124873,0.3704651505916969,0.31951666666666667,8707533.876978373,873470548.3352411,8707533.876978373,55.91619566769394,19.712265106715186
2020-03-22,5,0.003554440263296734,0.1981825867044478,0.003554440263296734,0.026572761684656082,0.33732068620706585,0.4185,8089418.570633288,443018847.4864005,8089418.570633288,51.96918272414848,24.435447532413974
2020-03-24,3,0.0025699737802952526,0.19437885360889884,0.0025699737802952526,0.0201782304793596,0.21003246123073005,0.6064,2519698.6682182266,190576317.28517473,2519698.6682182266,24.016404976859135,15.998086782337946
2020-03-26,7,0.005143671159444226,0.23305224065480454,0.005143671159444226,0.024329250944512198,0.3324920506084947,0.6057,12618056.873087708,545100318.397548,12618056.873087708,129.401231903426,39.959187976544754
2020-03-31,7,0.00605460954861045,0.26263334286419676,0.00605460954861045,0.024432711303234055,0.41824710023240863,0.6247142857142858,16001311.14079817,665763916.3540757,16001311.14079817,160.87165538585128,62.90168665595887
2020-04-02,4,0.004549465775292525,0.2277208498732181,0.004549465775292525,0.029388708528131174,0.41835498536384175,0.4376,5078415.179116439,253533143.83153936,5078415.179116439,64.38016250422532,24.0451532275382
2020-04-03,8,0.003234106775377571,0.21362711515116256,0.003234106775377571,0.020985139533877338,0.30676515128074633,0.555525,3939737.093034626,322673236.8073366,3939737.093034626,42.93988220754266,21.781453515159285
2020-04-04,3,0.008132989332889017,0.2580361304903888,0.008132989332889017,0.029020054265856698,0.3651314556359792,0.6699333333333334,8822671.286086073,305064600.73852545,8822671.286086073,102.06862211016599,31.352167633491455
2020-04-06,1,0.0029808220075728674,0.19255016973498784,0.0029808220075728674,0.0225949808955192,0.24457559762409414,0.5394,763266.3024371009,49304203.91217125,763266.3024371009,5.761928940638352,3.0851507778379177
2020-04-07,1,0.002937068605963542,0.1923693779165434,0.002937068605963542,0.0222686789929866,0.24451679473350038,0.5394,752062.8501744187,49257910.53993219,752062.8501744187,5.677353615327527,3.039866007172266
2020-04-11,1,0.010293187984094782,0.31091938830696486,0.010293187984094782,0.0298441834747791,0.3773909885652511,0.9139,3602644.615359529,108822656.48172496,3602644.615359529,43.85927400022786,13.298798875450458
2020-04-14,11,0.007488052589431419,0.2364667088088151,0.007488052589431419,0.03770504553209646,0.33713819590013205,0.5823636363636363,19870361.696402505,674887504.4802909,19870361.696402505,202.15555791631311,79.6054303830284
2020-04-15,6,0.005419008761883094,0.218111089515591,0.005419008761883094,0.03478548582643267,0.35621671089680446,0.46926666666666667,23886691.927668143,899286737.6699253,23886691.927668143,129.62342938010875,70.99318123583751
2020-04-16,4,0.006545008737160132,0.23267092002502976,0.006545008737160132,0.049167922697961275,0.46435652892016377,0.3439,36234862.14806,1212311546.6653686,36234862.14806,141.75704724952388,56.017150473634516
2020-04-17,2,0.0039976772842392864,0.19640637603821884,0.0039976772842392864,0.030301676131784902,0.24458512657442127,0.5394,2047282.4954500548,100583240.48394056,2047282.4954500548,15.45502038086908,8.275191978375322
2020-04-19,2,0.009331393563248684,0.27301907105817863,0.009331393563248684,0.0340105928480625,0.41871258211382456,0.652,7884906.470372669,223079869.38101798,7884906.470372669,74.21831489468032,30.775643834206114
2020-04-24,8,0.012286136749959502,0.27468684788182873,0.012286136749959502,0.05556796398013826,0.40199288630586527,0.631525,53792082.11721638,1186457507.254887,53792082.11721638,419.5496255478888,167.46607131639587
2020-04-25,5,0.013475218174981813,0.2957707042866344,0.013475218174981813,0.03897835761308666,0.4114450849336368,0.76424,26592021.53259044,508574681.024776,26592021.53259044,348.7287609136614,109.20410559382162
2020-04-26,5,0.004924409398965888,0.22232060365616874,0.004924409398965888,0.02965450361371034,0.2536045061643786,0.65706,4875131.122277001,217174408.02843633,4875131.122277001,56.849752262842,52.57792193389393
2020-04-27,7,0.009105531409953158,0.26213123612855754,0.009105531409953158,0.0378641725650855,0.3880447852010017,0.6339285714285714,23452988.57433309,727155123.7197267,23452988.57433309,344.2138051819037,95.67927153443193
2020-04-28,5,0.019628266547086593,0.32431143860828776,0.019628266547086593,0.05838951170444482,0.35249560918688444,0.9468399999999999,19371104.330756396,343806183.4176396,19371104.330756396,415.34474574384814,113.24513233247772
2020-04-30,6,0.01042345184353185,0.25329943960100787,0.01042345184353185,0.059326588486631644,0.3264871511923068,0.6284500000000001,15198366.831787718,400237039.2576193,15198366.831787718,157.17772778509496,61.45845285859443
2020-05-01,3,0.010171948793240812,0.2626538754644489,0.010171948793240812,0.04031629363695773,0.3882079843754558,0.6301666666666667,10069250.228843518,247923408.17259842,10069250.228843518,115.40151740244707,46.40097788310494
2020-05-04,4,0.007067817825247277,0.2467563295737653,0.007067817825247277,0.03796463739126915,0.44904670292710247,0.4653,8973539.114286954,266480623.20249522,8973539.114286954,83.32651779363987,33.66943019650559
2020-05-05,11,0.006617054735839408,0.22379864024988771,0.006617054735839408,0.037822783331979366,0.3178484043705692,0.5476636363636364,38561444.263269536,1371092945.218925,38561444.263269536,308.5727970281678,131.90684420000645
2020-05-06,8,0.008460000832399624,0.27675001244573505,0.008460000832399624,0.029263004893436976,0.46993669999672194,0.6056875,26977278.87341462,1129062628.1774113,26977278.87341462,221.38693184514065,75.84813202219762
2020-05-08,2,0.019036537596159704,0.2890212854531518,0.019036537596159704,0.0635006465017795,0.5351032073408736,0.48369999999999996,42130417.70546763,570743008.2712154,42130417.70546763,304.09118887627477,82.93901405226794
2020-05-09,1,0.005534799695880692,0.22534374539949328,0.005534799695880692,0.0309325605630874,0.2943915503931653,0.6078,594931.1914704589,24222018.917995214,594931.1914704589,5.789400481891203,2.0146670893005716
2020-05-11,6,0.009271877613434102,0.28149454817578157,0.009271877613434102,0.03550649744768932,0.5563821092842341,0.48413333333333336,36237299.783886015,1105097254.1707594,36237299.783886015,344.87761382864477,135.39114559059755
2020-05-12,1,0.008066956986759738,0.2159586382804709,0.008066956986759738,0.0633381381630897,0.21003189732975353,0.6064,2636382.380235417,70577982.4730364,2636382.380235417,25.128571013756584,16.738935747526458
2020-05-13,17,0.010080365120678557,0.2669635376912864,0.010080365120678557,0.03564962591318519,0.37157614127250876,0.688329411764706,49302370.20242556,1366141639.0735605,49302370.20242556,709.2559401813317,219.43122898976537
2020-05-14,20,0.004810391779690507,0.2021614008565042,0.004810391779690507,0.032057193666696494,0.30783934674385327,0.468905,41096117.603035234,1699226889.5471973,41096117.603035234,352.8345568484893,151.18854548442894
2020-05-17,1,0.018611596348218965,0.34950932726228756,0.018611596348218965,0.0413026846945285,0.547726616383411,0.8227,6163055.181707037,115736728.33523026,6163055.181707037,111.03678381347434,32.04916891163306
2020-05-18,2,0.007377923202875667,0.23441707539566745,0.007377923202875667,0.03824708051979535,0.38454511711923256,0.49965000000000004,5718394.105154697,194147399.59836993,5718394.105154697,28.057795295920393,13.288108606913763
2020-05-22,14,0.007360574538638242,0.23741473757586348,0.007360574538638242,0.03318870174033296,0.3422679556856566,0.5907,39890238.279182844,1407057544.494019,39890238.279182844,400.20929419871726,137.95378123462015
2020-05-25,2,0.0058256094435216715,0.21729355261760774,0.0058256094435216715,0.04108088277280325,0.44191037077068707,0.3209,4344166.28300922,162036149.8566343,4344166.28300922,22.381991482010264,8.318970285348948
2020-05-26,1,0.006406640085100827,0.19899206098549266,0.006406640085100827,0.051214400678873,0.27848286882018725,0.4492,3950467.5345869404,122702643.83852327,3950467.5345869404,28.541581579124184,9.430574205268417
2020-05-28,8,0.010702925671341375,0.218361060686113,0.010702925671341375,0.07195204589515922,0.2814251257951113,0.4897875,50969027.90811273,1056382656.8892014,50969027.90811273,428.2778350494526,132.12106926041236
2020-05-29,2,0.006469296457224901,0.21210151245237518,0.006469296457224901,0.08968055993318555,0.39343744161927474,0.24614999999999998,2856795.599773781,104297103.07273483,2856795.599773781,41.78179180934493,17.94225867104311
2020-06-01,2,0.0131836567679833,0.27067682763553497,0.0131836567679833,0.05418089218437665,0.41315460514448865,0.5982000000000001,13097097.675393686,261692350.51204687,13097097.675393686,111.53918161219522,42.520625910404235
2020-06-02,5,0.019697604657248118,0.36630211548346836,0.019697604657248118,0.03942981585860248,0.702344025180557,0.67942,38313506.08582947,862428238.9134558,38313506.08582947,478.1305995981327,137.48168630172256
2020-06-03,7,0.01353029242491827,0.2820562337568485,0.01353029242491827,0.0483020740960325,0.4407601795056314,0.6283857142857142,44577008.47292949,1178479570.7662132,44577008.47292949,318.0443800305137,113.92666830576596
2020-06-04,1,0.05087137274600951,0.42466970103392376,0.05087137274600951,0.083240769803524,0.6506977204405391,0.9392,31506848.959180865,263016376.51533386,31506848.959180865,291.8999368166026,89.43187328748472
2020-06-05,1,0.02445863350607789,0.3211068074483581,0.02445863350607789,0.0826212838292121,0.6081205517791736,0.4868,23547615.446286954,309146445.8592869,23547615.446286954,217.16820690046558,55.05638402218133
2020-06-07,9,0.008479148003511124,0.2206410264456349,0.008479148003511124,0.07824557191795771,0.4413941349555202,0.24549999999999997,110228813.81672059,2868330475.45991,110228813.81672059,332.95070465387136,141.86462524674462
2020-06-09,5,0.014030142313285462,0.2228605409351594,0.014030142313285462,0.059897627681493704,0.3861324236480418,0.38536000000000004,64315193.65696317,688670400.3711243,64315193.65696317,805.0277480222741,173.66118910568207
2020-06-10,13,0.008068759185370963,0.19582176521033529,0.008068759185370963,0.06429246899027086,0.29548791949835157,0.3975916666666666,55644661.16464376,935791644.8858168,55644661.16464376,953.461239335417,213.4161691667981
2020-06-11,4,0.00901917688738632,0.20408232587399117,0.00901917688738632,0.06625230424106118,0.2757539125115352,0.44115000000000004,18512674.59960164,296752061.3435379,18512674.59960164,343.87156473283767,107.3808709243678
2020-06-13,3,0.007005372734798906,0.19838667978276303,0.007005372734798906,0.060670504967371565,0.3053714243302576,0.38220000000000004,8464960.897565274,239263698.64334983,8464960.897565274,58.92946345157064,29.210712294397396
2020-06-14,1,0.011874903922837009,0.263497847287851,0.011874903922837009,0.0565756261348724,0.2747667807347158,0.7639,2326400.5526190754,51621599.7643156,2326400.5526190754,18.881097237310843,9.476173330423933
2020-06-15,2,0.01692268158034478,0.3232105472009017,0.01692268158034478,0.04798511974513525,0.38212662442778034,0.9229,4081053.582698051,77945067.71031281,4081053.582698051,103.26220300326383,31.611569192084048
2020-06-17,2,0.027574928848182467,0.3117252056561988,0.027574928848182467,0.08126573264598841,0.4726077977773488,0.64655,14135270.755092554,203103535.15116465,14135270.755092554,177.1904552646745,60.471686480293336
2020-06-19,3,0.001913035906112277,0.17511133797635867,0.001913035906112277,0.057427734136581365,0.4189693474713377,0.10353333333333332,2740637.6080515618,525186667.4723674,2740637.6080515618,20.240037134259794,8.395484593799479
2020-06-21,2,0.03040906257911031,0.37385059778047985,0.03040906257911031,0.06257221102714534,0.5266816408896906,0.9228,18929349.52849541,232718408.15261,18929349.52849541,193.2191836276669,75.53611144651
2020-06-22,1,0.030531107889533733,0.30161887181176894,0.030531107889533733,0.1710945069789886,0.2565720610742489,0.6955,11351875.030174362,112145938.23249798,11351875.030174362,72.54191234553215,44.23957533193438
2020-06-23,1,0.031458882042459016,0.374262920056456,0.031458882042459016,0.0650723129510879,0.5238892119363736,0.9228,9791426.033081565,116487537.40555567,9791426.033081565,99.94486824889229,39.071931496734095
2020-07-05,11,0.003345220401146218,0.17914677239282115,0.003345220401146218,0.043655813756314145,0.3489053092913045,0.26323636363636366,17819707.730824683,925120716.8113389,17819707.730824683,68.04813211642227,29.322014197955944
2020-07-06,10,0.016279164070503116,0.23125779927946274,0.016279164070503116,0.16921657174825666,0.3058583780177814,0.27446000000000004,111495526.95463642,1270310018.0307846,111495526.95463642,336.96439961130005,110.50452605540818
2020-07-07,21,0.019187568738834836,0.26008305073766813,0.019187568738834836,0.10607657262257163,0.3120761988815919,0.5671095238095237,269114821.9799484,3760517174.5835633,269114821.9799484,1214.6836809438234,739.1646374001283
2020-07-08,14,0.018556966084990936,0.25679780791144285,0.018556966084990936,0.13792496014918595,0.2239844261228329,0.6032000000000001,112211510.35086001,1532213683.099041,112211510.35086001,652.8452486563225,516.6079036804656
2020-07-09,8,0.014513531413162818,0.25621105808399236,0.014513531413162818,0.08296385454013938,0.32886376937974227,0.58035,55460734.73466704,967081608.1444921,55460734.73466704,506.7529463543628,217.51956488651308
2020-07-11,1,0.009834379416991822,0.2529183609742788,0.009834379416991822,0.0615909993648529,0.5451428709728411,0.2929,9527719.864259416,245031759.47503442,9527719.864259416,32.905833529254636,13.453431042444812
2020-07-14,4,0.023312798365620092,0.28267021808971393,0.023312798365620092,0.11878226883709425,0.2847302789038893,0.6893,19937105.162278302,241739570.51032335,19937105.162278302,569.95129444268,99.68552581139153
2020-07-15,8,0.017169920316664176,0.2670822926174568,0.017169920316664176,0.08736526966094968,0.2851321926232733,0.6893,29367431.709622405,456817553.2928981,29367431.709622405,839.5404238036116,146.83715854811203
2020-07-16,9,0.013926092151417898,0.25888818747037295,0.013926092151417898,0.07077765133645796,0.2854645393404798,0.6893,26796586.517758317,498152650.3304916,26796586.517758317,766.0464770651956,133.98293258879158
2020-07-17,24,0.013939711940430546,0.2535526797664846,0.013939711940430546,0.07716551547249155,0.2893691845452406,0.6407958333333333,100882547.61605763,1861327436.5593405,100882547.61605763,1973.7392771837535,380.3869945056726
2020-07-19,18,0.014973180024595169,0.24951712299860324,0.014973180024595169,0.09322152597208815,0.31128416300482686,0.5476055555555556,98633230.29059142,1697444035.4272773,98633230.29059142,1293.516639214,411.9721848988773
2020-07-20,38,0.01107038443421276,0.21442418151949916,0.01107038443421276,0.0919960301957632,0.24426616877381296,0.4757315789473684,169815149.21636984,3232418871.599118,169815149.21636984,1293.657951603561,831.8472648529147
2020-07-21,17,0.0117980987391028,0.2200631314518697,0.0117980987391028,0.1581499716814826,0.2464898971351338,0.3352058823529412,84216271.64756435,1546627073.9737017,84216271.64756435,431.66335077040947,257.5745042223516
2020-07-22,11,0.015536035071694985,0.24810203306455875,0.015536035071694985,0.08967154168269846,0.2977178437743348,0.5697545454545454,52915881.616190255,941509427.9508086,52915881.616190255,510.5788303083328,281.7646583908157
2020-07-23,16,0.016239097106870444,0.2555946097336933,0.016239097106870444,0.10767997312359506,0.34304041057298584,0.4942125,93879234.34873706,1643290562.562275,93879234.34873706,878.3913178359862,355.8069342297332
2020-07-24,34,0.011570939905328658,0.22426984093205904,0.011570939905328658,0.08961037831271391,0.24154491768371286,0.5350058823529412,83308808.40723392,1869044916.5812838,83308808.40723392,707.1646412773267,374.6108115875954
2020-07-25,34,0.011752876735999862,0.2323331272076079,0.011752876735999862,0.08696940212565304,0.23573004793358496,0.5906470588235294,56182800.38981035,1253875843.9306886,56182800.38981035,509.6147077899396,328.23936233197696
2020-07-27,44,0.01571154219264222,0.2564614766267498,0.01571154219264222,0.09465545661408789,0.2566503731868982,0.6606931818181818,133054976.35126966,2050272152.0332246,133054976.35126966,1481.7909745088948,794.2802924468807
2020-07-28,14,0.02399149445742395,0.2814315865321749,0.02399149445742395,0.15517381738339145,0.2511822594682639,0.6424500000000001,60537335.246495456,724436255.6608315,60537335.246495456,489.28890214512774,323.5585830121537
2020-07-29,13,0.018947492148450592,0.2464471054228543,0.018947492148450592,0.14907821611716193,0.2489138373680906,0.4861692307692308,95455421.33468308,1300407454.0033848,95455421.33468308,599.62091150885,403.727309744945
2020-07-30,28,0.02234126246911267,0.2759480728317509,0.02234126246911267,0.15140802892191066,0.22831352790265183,0.6587500000000001,140718473.45925507,1823822238.2165964,140718473.45925507,1329.260123560637,860.551603426971
2020-07-31,16,0.019376712865233327,0.2580216830047468,0.019376712865233327,0.14492425695061678,0.24701518176479473,0.557275,94773515.52933776,1243465977.463149,94773515.52933776,592.2716788640556,385.8998071306167
2020-08-01,20,0.024653675197632514,0.30658519141205753,0.024653675197632514,0.10982939600944515,0.5358783113577831,0.454535,312406111.2321288,3840185218.142738,312406111.2321288,2413.191640807386,961.3829818081878
2020-08-02,40,0.020156473051795663,0.2670385551470525,0.020156473051795663,0.1009894072078168,0.3444428384771469,0.566055,343334485.4738311,4730980948.143752,343334485.4738311,2519.5414790396917,1271.0766228235175
2020-08-04,14,0.027638639461746606,0.2848023572185059,0.027638639461746606,0.18295491540006226,0.31263537934729685,0.49767142857142854,140376917.9542173,1432673072.3357294,140376917.9542173,1277.5201587898623,664.2168873104479
2020-08-05,15,0.019293732450076755,0.26128205791154246,0.019293732450076755,0.12250453631083166,0.304801521409311,0.5429466666666667,76207537.96960512,1113265160.8262446,76207537.96960512,808.3085307118298,444.8431932419775
2020-08-06,7,0.01633837283375241,0.25900567817538434,0.01633837283375241,0.08833752359662732,0.3615516260188071,0.5318571428571428,42163254.18270287,663458007.5890343,42163254.18270287,399.32599031393147,183.436387869386
2020-08-07,8,0.011176187896121405,0.22448607661441444,0.011176187896121405,0.07976868469268078,0.2903974475602469,0.4874125,32927574.781136293,637176742.8883218,32927574.781136293,324.7102981937835,149.67081418491983
2020-08-08,3,0.011800859235292381,0.2191230145731972,0.011800859235292381,0.09808344393968577,0.2647598642334033,0.45326666666666665,17210527.145643827,320103275.010429,17210527.145643827,79.64191603487917,54.22428649318874
2020-08-09,5,0.017260810947406426,0.2433609985168148,0.017260810947406426,0.13480936139822003,0.26692105939234934,0.47939999999999994,41346796.82517608,582950464.5816567,41346796.82517608,205.5762583836105,132.64933213081835
2020-08-10,2,0.023915436895870765,0.2692994909008256,0.023915436895870765,0.18560638278722755,0.26872099835737284,0.4794,22914953.72568153,258033562.13858232,22914953.72568153,113.93314137192831,73.51605301790673
2020-08-12,1,0.003510960408765095,0.15969203848684743,0.003510960408765095,0.0447630211710929,0.2379684263376699,0.3296,951559.8002657644,43280614.57691707,951559.8002657644,3.279237021786599,2.131152968120413
2020-08-14,8,0.009727651249716288,0.19299599841557263,0.009727651249716288,0.1082516741007566,0.2348005378839811,0.34215,32313155.21223195,596107311.4297491,32313155.21223195,160.669372664655,103.61790869101165
2020-08-15,15,0.02285330052878177,0.2680032495703622,0.02285330052878177,0.1594205170869827,0.2817633034229028,0.5188200000000001,186465983.52147263,2220369789.5032334,186465983.52147263,1018.3849505101562,575.807928839184
2020-08-16,22,0.029898254570384652,0.29035593205264426,0.029898254570384652,0.2009103345600041,0.27142376136335267,0.5423681818181818,368337272.9967779,3186128760.6370125,368337272.9967779,2529.903503718061,1459.4804517965717
2020-08-17,25,0.047392849847796806,0.3331885880391856,0.047392849847796806,0.26855711132287974,0.33648944125915237,0.48981600000000003,747313721.9472278,5991857913.442679,747313721.9472278,5596.595024410804,2109.6899106620167
2020-08-18,34,0.06455668725519509,0.3880595818895207,0.06455668725519509,0.355811168823172,0.32592312884801766,0.561885294117647,1208681897.1717708,8182389134.683106,1208681897.1717708,7124.335494471634,2732.788754730182
2020-08-20,50,0.039465330655765775,0.33049703805534925,0.039465330655765775,0.2766659753024578,0.32508683468040117,0.47319,1368391406.639728,13308940621.321152,1368391406.639728,6011.8775032357535,2859.0921739879964
2020-08-21,43,0.03410229712731923,0.3095705433189712,0.03410229712731923,0.22278718927571936,0.3157541700223097,0.5172534883720931,863921857.7649026,8927708385.560858,863921857.7649026,4820.327869448174,2270.881345925941
2020-08-22,38,0.028446783544781428,0.2865490126359834,0.028446783544781428,0.18963608528046227,0.291031303494613,0.522107894736842,553332034.818921,5754468469.657502,553332034.818921,2872.9704787995947,1430.5900470140293
2020-08-23,44,0.02400791107528063,0.2689135427484327,0.02400791107528063,0.16384521211412817,0.29616675866819836,0.4907045454545455,626194203.8694224,7042406541.951133,626194203.8694224,3322.333702533949,1696.3318323529807
2020-08-24,30,0.015938310728787687,0.2345511765964672,0.015938310728787687,0.12959449949363863,0.28370420060993734,0.42321333333333333,379012788.7652273,6211785614.856151,379012788.7652273,1757.2692631215114,913.0950123375676
2020-08-25,41,0.031143799422448805,0.28568764885757103,0.031143799422448805,0.1831962299056169,0.30748543821912727,0.509219512195122,766559815.3248509,6962964823.193573,766559815.3248509,4639.297805630338,2277.853706278904
2020-08-26,35,0.027851757744259333,0.2772292127638106,0.027851757744259333,0.17642319383365765,0.2762949099661298,0.5306457142857143,577911666.908012,5751916200.609447,577911666.908012,3560.272511074195,1799.4692211068545
2020-08-28,34,0.021694281225012883,0.25665681077635105,0.021694281225012883,0.13943074786049472,0.274036162036032,0.5236529411764707,455430822.44794464,5216020752.189691,455430822.44794464,2923.982242003126,1456.6311791627702
2020-08-29,43,0.028527760212207775,0.2771162234821491,0.028527760212207775,0.17752920576306272,0.26596586711833814,0.5428093023255814,806359811.1894233,7863216274.293489,806359811.1894233,4835.182161397393,2503.5444573976765
2020-08-30,37,0.02970444387544214,0.2824605290287673,0.02970444387544214,0.1946486375621847,0.26517115127603347,0.5279243243243243,670976678.3434174,6529912660.714198,670976678.3434174,3827.4186281223115,2080.121618357495
2020-08-31,53,0.032731422190370306,0.2969611442669496,0.032731422190370306,0.20546597136922598,0.26380958521156234,0.5754264150943396,1093067081.379085,9804474489.234558,1093067081.379085,6656.715165303975,3466.80578089478
2020-09-01,50,0.03970749359804012,0.31672749469888467,0.03970749359804012,0.23301458656787868,0.2627860047164845,0.606922,1226652578.9430554,9597447617.96434,1226652578.9430554,7889.236492846834,4004.072334815903
2020-09-02,42,0.04436016757327463,0.3311283418243784,0.04436016757327463,0.24879955677759075,0.26041267176940364,0.6430238095238096,1072774521.5267133,7842405378.689179,1072774521.5267133,6993.481510069248,3628.8957653063117
2020-09-03,31,0.030296784201035428,0.2873773166965269,0.030296784201035428,0.17808989579639126,0.26028208954282483,0.6012387096774193,495925395.6649883,4863964887.419055,495925395.6649883,2675.0795044626852,1595.1777094210772
2020-09-14,35,0.026144564368991822,0.27679828340674,0.026144564368991822,0.16696813000099994,0.2666721565922287,0.5665628571428571,494157345.85440725,5285956591.884926,494157345.85440725,2522.0068916685414,1692.0946416946463
2020-09-15,35,0.02734385705533158,0.28300300184917015,0.02734385705533158,0.17346409857273096,0.26593555616172976,0.5824514285714285,551668642.3908355,5728449750.905423,551668642.3908355,2788.9717667403706,1927.3213770396387
2020-09-16,31,0.024853350782006112,0.2759321804076399,0.024853350782006112,0.16319665120493979,0.28106123644734093,0.5500774193548387,402281550.26058877,4632550888.716796,402281550.26058877,2413.0625449625104,1391.3147210486732
2020-09-17,35,0.024465447368508527,0.2685277846457369,0.024465447368508527,0.15306781785828724,0.2778024428648348,0.5432657142857142,486978935.19653064,5213577477.085372,486978935.19653064,2645.2359411484204,1810.1238669565853
2020-09-18,31,0.018094763785580645,0.24847100624076207,0.018094763785580645,0.12912517617787078,0.281260318570605,0.49765161290322585,274749815.84052366,3711776756.5837474,274749815.84052366,1235.4973255919388,825.388657138232
2020-09-19,32,0.01654128258395663,0.24033612724863684,0.01654128258395663,0.12242633011192079,0.2734640406422548,0.48541875,247253638.60152146,3488077592.2984567,247253638.60152146,1224.055682022779,739.6884668820823
2020-09-30,21,0.022561024261506083,0.26889378249609425,0.022561024261506083,0.18516117831071216,0.3082122317707145,0.41924761904761904,312527894.9071352,3775002455.8435345,312527894.9071352,1335.5443092247504,936.3120670576543
2020-10-01,28,0.0257842411059289,0.2818160376457951,0.0257842411059289,0.175630441733769,0.29983605592970203,0.52025,557067072.7781541,5674910685.989736,557067072.7781541,2169.38577727714,1447.2526723898945
2020-10-02,21,0.027584527578542822,0.2918731095853116,0.027584527578542822,0.19220166866268426,0.3012567905291044,0.5269761904761905,442255588.0819223,4310812639.283537,442255588.0819223,1536.9729504112424,1072.1514817874338
2020-10-03,30,0.030342036579630662,0.29549486019043747,0.030342036579630662,0.1928168786068757,0.28230806962333194,0.57197,542979987.7898998,5197992541.628242,542979987.7898998,2663.027083035854,1691.7947265554908
2020-10-04,25,0.029153470262049695,0.29161848411079605,0.029153470262049695,0.17416412621736524,0.26818540334037805,0.6204040000000001,436688139.91048366,4285837303.628394,436688139.91048366,2300.946522387324,1489.2791068570707
2020-10-05,19,0.01993126371898441,0.2560143059296421,0.01993126371898441,0.14507575019409777,0.27566880452969655,0.5038789473684211,177186313.360216,2128606552.6084719,177186313.360216,1045.224122627691,685.9188185793323
2020-10-07,14,0.022639968503804602,0.2782908486362806,0.022639968503804602,0.12532784310834746,0.2633802331308324,0.6830642857142858,152517027.473073,1844484226.1785994,152517027.473073,1075.4387157945623,552.0997608503204
2020-10-08,10,0.0177944768194019,0.2527662311492282,0.0177944768194019,0.11022733375430105,0.25087521424025894,0.61195,73237890.73546377,971016830.4825994,73237890.73546377,463.39313735855865,262.08917118776094
2020-10-09,14,0.01666714810903442,0.254310542180916,0.01666714810903442,0.09816904126533436,0.25062959563701975,0.6501857142857144,102227187.5659863,1622530706.6683378,102227187.5659863,682.9746587500379,403.5167266626254
2020-10-10,6,0.016752337152409688,0.25976148299862095,0.016752337152409688,0.0915460276106993,0.2510504528664598,0.6933666666666666,48723887.22055574,708016537.1431193,48723887.22055574,302.2855643463209,185.7465386896633
2020-10-11,2,0.007651377836004778,0.1932264762986401,0.007651377836004778,0.07859385758638379,0.22629849168482727,0.4302,3076466.0003008014,77692501.59015721,3076466.0003008014,13.405213968680371,10.987378572502863
2020-10-12,21,0.014254600854245498,0.2609831562031983,0.014254600854245498,0.06715481444483708,0.3580223378724404,0.5999952380952381,150576165.46845892,2669835032.493221,150576165.46845892,1208.5215885020446,494.8576958541657
2020-10-13,13,0.01308342633811904,0.22862624281442046,0.01308342633811904,0.08953497214959215,0.2945650865679787,0.47744615384615385,120950082.20010652,2092765651.484471,120950082.20010652,723.3481850390406,446.3678963439911
2020-10-24,10,0.007252830693319412,0.19345837952910147,0.007252830693319412,0.07257322482764716,0.2275325570509263,0.44456000000000007,18446521.593145084,514313540.1564629,18446521.593145084,67.24188081191645,63.8564759520235
2020-10-25,45,0.0075795716731194476,0.196180266963156,0.0075795716731194476,0.07342723715636461,0.254555494616579,0.41550000000000004,129335971.71811715,3235407571.131444,129335971.71811715,634.0344245644103,444.5676272370453
2020-10-26,44,0.00785920840776763,0.20666520833368732,0.00785920840776763,0.06661180271343746,0.2996689020444408,0.4172931818181818,300900949.04055065,8130412062.674655,300900949.04055065,1233.9306527803565,775.6901541833113
2020-10-27,30,0.00711600765694449,0.23901390128425146,0.00711600765694449,0.09166047560671961,0.5006344338251943,0.2149666666666667,399601895.0182253,13622895257.069023,399601895.0182253,1400.8467758434354,554.3699908650708
2020-10-28,41,0.019817894212842135,0.26754596872392067,0.019817894212842135,0.08774300064982433,0.3698531060454756,0.5635926829268292,363742487.8172931,4920077648.670456,363742487.8172931,3818.0082185736924,1456.1515793135754
2020-10-29,16,0.0125923161333211,0.22817680587625921,0.0125923161333211,0.09304377459920939,0.2798330619221817,0.48852500000000004,148413915.75731274,2641113977.187967,148413915.75731274,758.5239077366001,520.368507381275
2020-10-31,4,0.009351086590569204,0.2037383784460494,0.009351086590569204,0.0873998329043388,0.2447282066462666,0.43310000000000004,16274119.894728215,319899297.64656526,16274119.894728215,75.31911473277388,57.137035529789266
2020-11-01,8,0.013001949931752174,0.2399443333010216,0.013001949931752174,0.08401707839220758,0.2769776470163927,0.5742125,49011251.1909012,922386880.0049045,49011251.1909012,244.5974042795429,181.45666028024385
2020-11-02,5,0.01353609310668985,0.26285338968865746,0.01353609310668985,0.0709043629467487,0.31465736071761036,0.66502,22206775.175071318,417510663.48591644,22206775.175071318,214.16660840097,95.11915617639522
2020-11-03,2,0.01353768346397469,0.262386568078526,0.01353768346397469,0.07001664675772185,0.3661941489988837,0.5876,16329991.087853488,308036126.1218724,16329991.087853488,108.19628987514757,58.83482127565864
2020-11-04,1,0.005876582092719687,0.2253126394972883,0.005876582092719687,0.033005267381668,0.3971666860215144,0.4483,725370.6216909711,27811262.874972235,725370.6216909711,7.639556720535593,9.055813004881038
2020-11-05,5,0.010913334705037574,0.23364919805762102,0.010913334705037574,0.07488462924957272,0.2869562781094488,0.5506,34163228.35934309,705497159.5467339,34163228.35934309,132.65053621591898,115.11830621065606
2020-11-06,7,0.012208354248578704,0.2705611273871014,0.012208354248578704,0.049463968724012326,0.39754476246460324,0.6328285714285714,53404706.74241706,1075880712.6506753,53404706.74241706,321.0662759717528,108.35908661699615
2020-11-08,10,0.010634980941972258,0.2919046093610783,0.010634980941972258,0.0341367274522781,0.43116081878313095,0.72744,50189199.37128879,1379995442.4704654,50189199.37128879,388.10889886764136,156.7100893367248
2020-11-10,18,0.006047459642045762,0.2486362814805555,0.006047459642045762,0.02808976132008759,0.4062046694017057,0.56365,41812623.17510393,1709096686.866117,41812623.17510393,309.3369806030755,111.23497321638615
2020-11-12,6,0.0043167934021649205,0.2068671485756993,0.0043167934021649205,0.03857965581119055,0.38245773556701335,0.3642,22553008.92679188,1139775397.4866302,22553008.92679188,110.9495576223806,53.473598979692035
2020-11-14,7,0.003879468528664084,0.17704338826878677,0.003879468528664084,0.03253692494971406,0.2610973716940515,0.41222857142857144,10720307.031655973,436995373.182315,10720307.031655973,115.90474616854367,49.85944930272413
2020-11-25,12,0.008701330334538017,0.25615465862651554,0.008701330334538017,0.03589875080312287,0.3894620551942915,0.6068333333333333,30094874.532767583,1000955899.9227912,30094874.532767583,315.6219551414732,116.60890588836727
2020-11-26,14,0.003471182123988176,0.19851359384247705,0.003471182123988176,0.03418173055563649,0.4037233809298151,0.30152857142857137,20528421.638982918,2143106767.0217426,20528421.638982918,114.8398387214582,50.09483659744888
2020-11-27,13,0.008184058448897696,0.242760987507079,0.008184058448897696,0.041914171467606794,0.3096130059109186,0.6446,58614057.761346035,1727116026.602166,58614057.761346035,393.4242132683748,206.85895643215298
2020-11-28,10,0.011078630440577995,0.26571142534502296,0.011078630440577995,0.04326798133552069,0.36695144892420867,0.66996,33103324.56619417,951481102.4461,33103324.56619417,280.22303414334397,114.96657751143988
2020-12-02,15,0.00659252306469771,0.22410693378189545,0.00659252306469771,0.03970426693558689,0.3474360010470067,0.50012,57375403.95200087,1997002949.192673,57375403.95200087,435.181537599299,192.74468044875204
2020-12-03,20,0.011761518218031513,0.27097679722657414,0.011761518218031513,0.08733454868197438,0.5880917429519565,0.25440999999999997,352558411.8157466,9965841277.592403,352558411.8157466,1498.1373545736255,505.17124215706417
2020-12-04,11,0.017094008451253754,0.2773046438486351,0.017094008451253754,0.04452793621881437,0.43594164640348704,0.6212909090909091,92503290.90550408,1290073027.7747495,92503290.90550408,709.620381835,239.42962366322328
2020-12-07,1,0.005205869800631438,0.2100897529124087,0.005205869800631438,0.0379720665514469,0.4187457321222841,0.3274,5626613.403788271,227069416.83254248,5626613.403788271,31.615247299234724,10.75012113830392
2020-12-08,4,0.011129441331347021,0.22290966945396234,0.011129441331347021,0.08452716749161478,0.24715361902718314,0.5325,12402723.350015728,256809360.85888314,12402723.350015728,98.94175218857157,50.89648576785736
2020-12-27,6,0.004026969574055818,0.18508493900057302,0.004026969574055818,0.02719224337488407,0.24874050215488108,0.4843333333333333,14245401.049747989,455257669.8294776,14245401.049747989,113.2348701190289,42.98172091334269
2020-12-28,27,0.009477558348459713,0.28747819857209583,0.009477558348459713,0.03084582697462148,0.44049292559125885,0.699537037037037,95658830.33277701,2921538061.28466,95658830.33277701,1128.5676157361238,357.32912385707056
2020-12-29,4,0.005569994323824752,0.21546972003089707,0.005569994323824752,0.03449036367237565,0.3342984606490308,0.489675,8309991.922304479,319730956.87518466,8309991.922304479,58.170633287067375,38.38967813180387
