GEOID,samples,risk_score_mean,risk_score_weighted_mean,risk_hev_product_mean,risk_score_p90,hazard_index_mean,exposure_index_mean,vulnerability_index_mean,asset_value_usd_mean,risk_eal_usd_sum,expected_property_loss_usd_weighted_sum,expected_property_loss_usd_hev_sum,expected_population_affected_sum,expected_housing_units_affected_sum
06097154000,1,182520412.74572074,0.31284532694655115,182520412.74572074,182520412.74572074,0.2558704614639282,0.4247003207152902,0.2875,2481152400.0,182520412.74572074,776216933.78222,182520412.74572074,179.71381698995827,110.56482477933167
06055201700,5,172756148.00708342,0.35784735513341187,172756148.00708342,184056519.6659362,0.28304945826530453,0.4700087533358655,0.3766,1620656100.0,863780740.0354171,2899737494.829151,863780740.0354171,2768.309182771074,1130.4550975466786
06099003300,20,136838145.50486085,0.3731082684420798,136838145.50486085,238789644.36073872,0.2510308152996003,0.37210953597426555,0.6798,801860800.0,2736762910.097217,5983617892.391618,2736762910.097217,21682.884071459313,6744.117570471211
06113011500,9,134537360.56043184,0.36340383244880203,134537360.56043184,199886557.16118318,0.24504416787789923,0.3552724950328413,0.6715,817621900.0,1210836245.0438864,2674142387.5866404,1210836245.0438864,9183.212381563091,3351.3319818541
06087120200,4,128139058.79433791,0.3146565768519571,128139058.79433791,139466297.57937962,0.22678829357028005,0.4245414335560569,0.3695,1529137200.0,512556235.17735165,1924612307.5559459,512556235.17735165,1551.944043262526,587.9286937111168
06059021822,1,124905235.54783095,0.3461978294105509,124905235.54783095,124905235.54783095,0.1385646313428878,0.74005171246369,0.2745,3283869600.0,124905235.54783095,1136868527.5872939,124905235.54783095,385.91316776655594,123.69304371938102
06053011002,2,120867104.78159752,0.32747813245027274,120867104.78159752,121227391.54113287,0.3279999643564224,0.35919383424020523,0.2786,1322675200.0,241734209.56319505,866294408.668582,241734209.56319505,408.83765477183465,225.16226673173907
06103000300,172,113084535.46671987,0.3331434269096729,113084535.46671987,159299806.31277034,0.2303474405672141,0.27183235542021955,0.6821,719733600.0,19450540100.275818,41241217090.15815,19450540100.275818,130312.80513169039,62102.6184555422
06047002002,1,100483293.09293076,0.36856249972754584,100483293.09293076,100483293.09293076,0.1736552119255066,0.4731829792159753,0.6989,827925000.0,100483293.09293076,305142107.58692837,100483293.09293076,914.3837064494252,345.8977387019992
06105000500,63,99246870.17612076,0.32484823922075695,99246870.17612076,119764240.5012676,0.18299255188968444,0.26030654425304905,0.7763,698640600.0,6252552821.095608,14297986631.76239,6252552821.095608,35136.12345978942,24870.934053681813
06097154304,4,96012054.60631597,0.29783024965966215,96012054.60631597,105718164.48336852,0.26712837815284723,0.3200202019441284,0.3413,1053099600.0,384048218.4252639,1254579667.1379614,384048218.4252639,848.6188811348794,646.2194488057612
06081613800,4,95976306.88056919,0.27274287785750606,95976306.88056919,103640132.81080702,0.2223480232059955,0.3958295541816943,0.2141,2016109400.0,383905227.52227676,2199517919.326279,383905227.52227676,826.7986339936344,413.7801546909644
06055201500,9,93404903.39397222,0.275842947065814,93404903.39397222,235410290.46350822,0.07707925471994607,0.44694439901947003,0.5161,2348001174.0,840644130.5457499,5829116071.951362,840644130.5457499,679.8902920422386,420.32185511194734
06021010402,1,91745742.13490069,0.4806978635891559,91745742.13490069,91745742.13490069,0.2000079005956649,0.7061797109710781,0.8442,543367200.0,91745742.13490069,261195452.1844216,91745742.13490069,1022.0288915903534,427.5197676370023
06053011502,22,90688529.33548921,0.2557020869829676,90688529.33548921,133220388.06148951,0.13207397880879312,0.33008365859523686,0.4532,1515113600.0,1995147645.3807628,8523189609.798098,1995147645.3807628,2351.8590913909306,1245.7215568061706
06085512602,2,89390492.95853406,0.3439141251226457,89390492.95853406,90524871.92887728,0.16515971720218653,0.4671808884051747,0.6059,893277200.0,178780985.91706812,614421293.4600132,178780985.91706812,539.5789101439236,175.72339877832528
06033001302,11,88700905.97426859,0.3633880211711738,88700905.97426859,107448134.52651657,0.20931909978389737,0.39529490426408387,0.7007,604765600.0,975709965.7169545,2417410321.220374,975709965.7169545,5722.619223709215,3084.761194173109
06019006409,13,81732802.50548081,0.2616703966516201,81732802.50548081,104573305.42303082,0.15619486040220806,0.3512432215017202,0.391,1338298200.0,1062526432.5712506,4552509270.81794,1062526432.5712506,1406.0650399766544,2872.4694040855647
06045011300,1,78204201.03291842,0.36014421198412194,78204201.03291842,78204201.03291842,0.1027238667011261,0.4372075954451963,0.8881,857229000.0,78204201.03291842,308726062.6949369,78204201.03291842,538.1602604358762,216.2128864609301
06055201800,9,77978768.17173958,0.36205267726366114,77978768.17173958,94298892.26694918,0.30429138077629936,0.3074899562517047,0.5883,435600000.0,701808913.5456562,1419391315.944457,701808913.5456562,2953.204174768567,1701.3549419288636
06063000300,7,74655955.20316832,0.30590170108049214,74655955.20316832,91559764.77449287,0.20778424399239673,0.2985652636143123,0.5622,639088500.0,522591686.42217827,1368487815.0368605,522591686.42217827,3666.6300863136285,2440.876629715919
06037920102,8,74642966.68590908,0.32249960007619555,74642966.68590908,90355403.6357874,0.15302166249603028,0.3602958960939347,0.6895,707459700.0,597143733.4872726,1825243762.5602024,597143733.4872726,3956.144327167819,1461.0808257579463
06105000101,1,73240949.99225233,0.31685505173643225,73240949.99225233,73240949.99225233,0.2006305754184723,0.2875992134239868,0.6513,560500200.0,73240949.99225233,177597319.86928064,73240949.99225233,347.06136265325546,259.90400990863145
06013355112,1,72514581.8302551,0.26279513482427963,72514581.8302551,72514581.8302551,0.2071539461612701,0.46092720581214863,0.1047,3343377800.0,72514581.8302551,878623419.7195034,72514581.8302551,122.67308673040866,47.67246192246078
06045010100,60,71187853.25032659,0.3605295201422634,71187853.25032659,99376787.08792841,0.2106542397290468,0.26827466759246665,0.8736,386832600.0,4271271195.019595,8367874299.203048,4271271195.019595,31998.709320690105,15303.730544677876
06069000100,1,66145557.608517475,0.28299868157340247,66145557.608517475,66145557.608517475,0.0742054209113121,0.4035199037258213,0.6242,1428043000.0,66145557.608517475,404134286.2301264,66145557.608517475,228.0285538367763,75.50000868453085
06001450701,2,64932755.38644302,0.2450193569278497,64932755.38644302,65686464.53811169,0.16797343641519547,0.48470879573417325,0.0781,4949623800.0,129865510.77288604,2425507281.0215597,129865510.77288604,220.3683490008816,72.96635058595686
06007002402,7,64885549.39774255,0.32774270205827644,64885549.39774255,67521922.54794002,0.2048813892262322,0.34234002481720094,0.6130000000000001,516636400.0,454198845.7841978,1185266668.0236235,454198845.7841978,2705.132368679359,1852.3607087446894
06007001500,6,60104002.17319015,0.27601075114719253,60104002.17319015,83561963.51208517,0.16985210838417208,0.4186823231836882,0.3274,1080821000.0,360624013.0391409,1789909296.3939586,360624013.0391409,2026.3018864240264,689.0026997308768
06065040618,2,59170692.75360442,0.365027174918388,59170692.75360442,61183554.93544249,0.0761591158807277,0.6701587232600804,0.6295,1234209900.0,118341385.50720884,901040306.1066122,118341385.50720884,868.2325800236865,222.73929137438142
06041132200,1,58664020.57580339,0.23462005723270624,58664020.57580339,58664020.57580339,0.1520992219448089,0.38836815420100607,0.2103,1834026300.0,58664020.57580339,430299355.4722884,58664020.57580339,61.637920704612114,49.22717175111471
06077005502,5,57972941.49429043,0.3720664214916252,57972941.49429043,60158865.88992819,0.39973332881927487,0.338532523606626,0.3532,410614500.0,289864707.4714521,763879338.1378648,289864707.4714521,1435.8597053853034,422.85150615820885
06033000100,34,57139628.8774386,0.29292928811515007,57139628.8774386,92160449.52873369,0.17939915294375486,0.30836570547757564,0.5536,575335200.0,1942747381.8329122,5730106039.161975,1942747381.8329122,11538.26118013127,5497.304419447969
06085503121,1,57081431.011850186,0.4727531877179084,57081431.011850186,57081431.011850186,0.0610252022743225,0.8152019552691573,0.9884,946352400.0,57081431.011850186,447391113.8044931,57081431.011850186,287.77388566620346,95.42198430600165
06047002100,2,56428128.92335514,0.306907277616769,56428128.92335514,56594090.25605433,0.14829064905643458,0.3004731769618391,0.7131,533619200.0,112856257.84671028,327543231.91207635,112856257.84671028,891.2278092055853,318.08415402116765
06099003400,20,54642445.85233492,0.4176638128484054,54642445.85233492,68220917.83797605,0.36512303501367566,0.27440765113855836,0.7639,195909000.0,1092848917.0466983,1636481998.226365,1092848917.0466983,8869.57606901291,4451.5230836932715
06059052430,11,53356970.242565565,0.27367247979217635,53356970.242565565,62369713.46150645,0.07724647156216878,0.6879641467036397,0.1433,4820214000.0,586926672.6682212,14510759103.59862,586926672.6682212,1841.1875940396367,669.0910541133393
06087120301,2,52545287.92043428,0.3156483492929435,52545287.92043428,58015242.52283245,0.22386222332715988,0.5638574587645452,0.1728,1358342300.0,105090575.84086856,857517009.5395604,105090575.84086856,347.8410625808716,149.08579350385668
06113011301,2,51839207.29560751,0.28633187968000706,51839207.29560751,84640902.12447907,0.18417833931744096,0.3721423667376219,0.413,681506100.0,103678414.59121501,390273845.25278175,103678414.59121501,326.32165625246233,122.1614405457936
06001451104,5,49970507.386641964,0.23777877437181708,49970507.386641964,55837545.68743581,0.1619234949350357,0.4121900896809976,0.1658,1861312800.0,249852536.93320984,2212903381.5328755,249852536.93320984,977.2277227523325,305.51789793740505
06091010000,14,49694846.70584265,0.27230588425137886,49694846.70584265,72171796.56577924,0.18154254475874557,0.26471537290668673,0.5106,536107800.0,695727853.8817971,2043794319.462859,695727853.8817971,3760.8468307110024,3032.815404890135
06095252402,1,48420100.408296995,0.42466970103392376,48420100.408296995,48420100.408296995,0.083240769803524,0.6506977204405391,0.9392,619343400.0,48420100.408296995,263016376.51533386,48420100.408296995,448.5952964749574,137.4399670970678
06065044405,2,48209116.78608215,0.2483590759927781,48209116.78608215,48542656.06058103,0.10998345166444776,0.3664911672018474,0.4171,1050900600.0,96418233.5721643,522001403.95251215,96418233.5721643,119.8231431642979,236.43509949034893
06037910815,1,45658756.80476722,0.24764914978016267,45658756.80476722,45658756.80476722,0.132400095462799,0.38983034016254386,0.3225,1069316000.0,45658756.80476722,264815198.24632442,45658756.80476722,221.0528823830186,84.11709064990278
06003010000,27,43896140.8660174,0.25188314160952535,43896140.8660174,49466414.01455654,0.11036076507082689,0.2588758635803732,0.5952,668265000.0,1185195803.38247,4544766565.947616,1185195803.38247,2055.5347595942967,3181.733700355624
06059052437,4,43604588.9086549,0.2774244261530988,43604588.9086549,45468258.12971991,0.09774249419569965,0.6114439301841632,0.2256,1977469000.0,174418355.6346196,2194392810.2421684,174418355.6346196,376.09685331401806,149.06277722811691
06077004600,1,42597004.85505316,0.28616177108921553,42597004.85505316,42597004.85505316,0.067966029047966,0.4937291885507751,0.5203,1204573600.0,42597004.85505316,344702914.78331226,42597004.85505316,225.08374407542496,73.97882051936983
06093000701,2,42368745.20684191,0.28385509391549973,42368745.20684191,42510504.87093628,0.20543830841779706,0.33611979902200395,0.4015,513663400.0,84737490.41368382,291611945.2959098,84737490.41368382,612.8522625650091,309.14808614988624
06039000102,68,42122333.759480774,0.2319031126350872,42122333.759480774,67537776.78822568,0.10702447450774553,0.3001029179373814,0.4418,890848000.0,2864318695.644693,14048148837.762466,2864318695.644693,13597.385596511871,9980.204514441439
06029005203,2,40541876.59666944,0.2920116539689601,40541876.59666944,55491291.40760884,0.15523507818579665,0.32898038292020604,0.5785,451451000.0,81083753.19333889,263657906.39188206,81083753.19333889,817.0321768619376,478.65261625347637
06023010102,45,40387255.08638979,0.2636460549590785,40387255.08638979,50724602.888398625,0.1758472730716069,0.26614139474425014,0.4794,479082900.0,1817426478.8875403,5683874246.250962,1817426478.8875403,9036.243774741535,5830.691302173694
06093001300,7,40198530.03787991,0.3155288237295066,40198530.03787991,50775590.56572701,0.21203268638678957,0.23817493512037272,0.6903,274643600.0,281389710.26515937,606605804.3698598,281389710.26515937,2653.618542674079,1728.4380237417652
06103001000,9,39677744.0900429,0.35148789537548586,39677744.0900429,48499641.177647606,0.0930178072303533,0.477929972534364,0.808,527921700.0,357099696.81038606,1670022785.3044376,357099696.81038606,4789.092498788235,1730.972839604392
06037911001,2,39499920.56920487,0.32110145512772176,39499920.56920487,40163459.42400749,0.11423177644610405,0.3771518896822325,0.7542,458482500.0,78999841.13840973,294438795.8011914,78999841.13840973,640.6382126964659,305.84530057456345
06107002701,97,37456469.21246353,0.22712356069851056,37456469.21246353,62077175.20110239,0.08174909286431425,0.23829671422117815,0.5738,798515500.0,3633277513.608962,17592083312.396297,3633277513.608962,6593.008047081598,11552.551712588116
06077005119,2,36795445.9216659,0.31905150704869706,36795445.9216659,38336651.61322183,0.07851068302989,0.6081205517791736,0.4868,962752700.0,73590891.8433318,614335399.7004043,73590891.8433318,678.6930108603622,172.06194024627496
06079013000,1,36162849.37974022,0.2379475943422542,36162849.37974022,36162849.37974022,0.0601826161146163,0.32238762094982026,0.5557,1081312400.0,36162849.37974022,257295684.3124493,36162849.37974022,96.35066523146465,40.2659496489703
06105000200,40,34013689.50806373,0.2432597631752337,34013689.50806373,41282167.382217266,0.16825528834015127,0.26310706335052686,0.40099999999999997,504127800.0,1360547580.3225493,4905360369.522063,1360547580.3225493,5160.133945354163,4096.800904313608
06101050702,10,32511619.964642227,0.35450638123072864,32511619.964642227,40299822.0202429,0.07151923999190327,0.50035587078259,0.8431999999999998,539119600.0,325116199.64642227,1911213384.4655793,325116199.64642227,3871.5824869472954,1203.6882622970097
06055201900,19,32225823.923196744,0.26523195271016553,32225823.923196744,40039452.42816061,0.222215650897277,0.3955470908717568,0.1773,817938500.0,612290654.5407381,4121925085.484651,612290654.5407381,1211.9475604846268,566.6734424254864
06063000400,23,31264905.615201723,0.25711770667325334,31264905.615201723,37869265.04282129,0.14622387678726856,0.2677525609320637,0.5184,412452400.0,719092829.1496396,2439122749.5972257,719092829.1496396,4123.274688034056,2925.5200534973133
06089012400,13,31201158.51476825,0.2364239662880445,31201158.51476825,52596419.365080625,0.10147168057469218,0.29616042000232795,0.4842,635040000.0,405615060.6919873,1951802782.170277,405615060.6919873,2464.8345288649202,1073.0557161163683
06087120400,2,30862665.977324545,0.31954733743443275,30862665.977324545,33331796.42743379,0.2290579006075859,0.6167279571021327,0.1,1347374000.0,61725331.95464909,861099548.4567628,61725331.95464909,230.9361753925681,100.69385310709475
06045011400,1,29275803.562794916,0.33370851529791246,29275803.562794916,29275803.562794916,0.0985183417797088,0.6816311480268601,0.3998,743274000.0,29275803.562794916,248036862.9995406,29275803.562794916,187.2094198558866,68.33754333052036
06087122401,1,29097589.44594724,0.2743638574211539,29097589.44594724,29097589.44594724,0.0774432867765426,0.4894740467762753,0.444,846233600.0,29097589.44594724,232175914.77538976,29097589.44594724,89.43491507416955,35.21005499267575
06095252903,11,28638691.145921707,0.22208676318559675,28638691.145921707,28348732.70313215,0.08076092058962038,0.4420210096359552,0.2455,1444443000.0,315025602.6051388,3528708375.237022,315025602.6051388,951.5479005860533,405.4383559911696
06077005214,1,28607282.720300768,0.26999613614999673,28607282.720300768,28607282.720300768,0.0924714505672454,0.5142013695545802,0.3475,890254400.0,28607282.720300768,240365248.19053367,28607282.720300768,158.54831264182909,51.92826778054232
06099003100,1,28592996.375430886,0.33872366476376115,28592996.375430886,28592996.375430886,0.0641051977872848,0.4475702195670626,0.862,517439000.0,28592996.375430886,175268834.37169582,28592996.375430886,230.87076709824782,76.14646171885722
06065043809,8,28381865.954146884,0.3349556022846735,28381865.954146884,28983841.673570573,0.08360916003584858,0.6345034075558308,0.514,660425700.0,227054927.63317508,1769706304.862217,227054927.63317508,1820.4255858269323,760.1437148750421
06015000202,5,28258006.70670584,0.22488361757384126,28258006.70670584,33857463.20376097,0.13847288787364956,0.278290578790055,0.3608,565601100.0,141290033.5335292,635972107.3587197,141290033.5335292,870.8205427780865,450.39857677248705
06073021302,5,28245982.827362567,0.28132889043459774,28245982.827362567,62684550.932042114,0.05767028685659166,0.41437915668767317,0.6409,764212800.0,141229914.13681284,1074975695.399586,141229914.13681284,1488.7845221725731,266.67279859670094
06097152702,1,27958612.27446047,0.3154233280282124,27958612.27446047,27958612.27446047,0.0435860604047775,0.6295009927527453,0.5239,1224389500.0,27958612.27446047,386201010.89279896,27958612.27446047,114.03667680803828,39.61826877491919
06093000800,28,27761043.194853462,0.24771267189807342,27761043.194853462,38378991.57629173,0.13771413466227903,0.25498534855644645,0.5118,393873700.0,777309209.455897,2731890185.286646,777309209.455897,7307.86544675409,3349.027184213257
06107001400,2,27522856.70665247,0.2989802507604415,27522856.70665247,27528429.406771656,0.10013327375054355,0.47157871295056564,0.5372,511657200.0,55045713.41330494,305950795.91877073,55045713.41330494,504.67274108878655,200.75023126661173
06059021825,1,27270504.79092736,0.30876340178696426,27270504.79092736,27270504.79092736,0.1325381100177765,0.6939144892602532,0.1716,1199044000.0,27270504.79092736,370220904.3322488,27270504.79092736,73.27968484590053,27.064812218070028
06073021101,2,26458056.32283643,0.2831636797499266,26458056.32283643,26795364.281503774,0.061534006148576695,0.3653889222521277,0.7139,602289600.0,52916112.64567286,341093078.8222228,52916112.64567286,487.2618765671891,170.0935797032236
06085512308,1,26324107.109921407,0.28198952677855826,26324107.109921407,26324107.109921407,0.0392934866249561,0.7068092782202673,0.2515,2663760000.0,26324107.109921407,751152421.8516524,26324107.109921407,85.59070324617431,26.089303379505854
06065040609,2,26253442.388302967,0.2826760599632703,26253442.388302967,26358448.889230292,0.10269100964069361,0.7015018504764117,0.1044,2448800100.0,52506884.776605934,1384434327.8113246,52506884.776605934,350.9392959999917,86.26069455660577
06111009700,5,25993508.761642706,0.26595175754266764,25993508.761642706,36317905.91515506,0.07449100911617274,0.2673541766152708,0.7425,469964000.0,129967543.80821353,624938758.9089112,129967543.80821353,871.6788904756302,334.62292432598747
06065043813,13,25937320.950897153,0.30577423204954235,25937320.950897153,31208214.774524074,0.08712660922453949,0.395969758124242,0.7171000000000001,415140000.0,337185172.361663,1650208491.0096111,337185172.361663,3663.9261755635735,1518.8521277552386
06097152601,2,25676835.788981333,0.2501168791205423,25676835.788981333,32797524.830494083,0.054214444011449744,0.5924988570493914,0.2263,2092868500.0,51353671.57796267,1046923475.2593814,51353671.57796267,168.7195568044869,64.31267573946482
06027000800,60,25436323.05561541,0.24847826212160593,25436323.05561541,35229465.08520171,0.1283501794872184,0.2100772412599891,0.6064,326812500.0,1526179383.3369246,4872348122.377041,1526179383.3369246,14546.716478392107,9690.027830710633
06071011500,24,25431049.651265606,0.2553498753175693,25431049.651265606,27919179.557700038,0.10239754058420654,0.32103701675155333,0.5392,460601000.0,610345191.6303746,2822745790.1075454,610345191.6303746,3196.1558967793453,2100.2931577094787
06051000101,11,24713626.32760203,0.210630344769538,24713626.32760203,29347491.2977303,0.04872546141797842,0.26122538020182945,0.5395,940132500.0,271849889.6036223,2178224758.644525,271849889.6036223,1167.9222919205863,744.5902207713568
06055201200,3,24712977.012207877,0.2861881876411242,24712977.012207877,25547093.989519652,0.039451246460278803,0.5552085480366159,0.4995,1254090400.0,74138931.03662363,1076717576.1423974,74138931.03662363,284.1787493892385,129.70421804867675
06065043824,3,24236641.394301236,0.33181548183654436,24236641.394301236,24633225.42924414,0.08591135839621222,0.590866008794794,0.558,505577400.0,72709924.1829037,503275225.7600019,72709924.1829037,770.7078751862346,298.8488457990288
06065041500,1,23021335.554713413,0.41759988304101425,23021335.554713413,23021335.554713413,0.0952280908823013,0.6128194586662119,0.9307,259750100.0,23021335.554713413,108471611.37989175,23021335.554713413,303.4649570465564,110.5200938776448
06039001100,6,23018989.365418885,0.2506874214832702,23018989.365418885,36103228.14407818,0.04026010787735377,0.3493245584819779,0.6288,909282400.0,138113936.19251332,1367673961.5367172,138113936.19251332,1004.0149443478869,358.92395060424457
06107000102,37,22616210.934011046,0.25982643049436704,22616210.934011046,30253177.52524509,0.08745762393683996,0.2566587284198234,0.6955,371813400.0,836799804.5584087,3574457095.6830482,836799804.5584087,5347.4036590149235,3261.106019323495
06085503126,1,22300734.01111315,0.38179522320424963,22300734.01111315,22300734.01111315,0.0599470809102058,0.8096056091638225,0.5447,682957600.0,22300734.01111315,260749949.33103865,22300734.01111315,111.70651157849049,44.21239891180243
06103000100,8,21889592.77039425,0.22780771650593107,21889592.77039425,30667714.96672084,0.05528252967633303,0.27755483889254845,0.5845,677431300.0,175116742.163154,1234592620.3411546,175116742.163154,1317.0631491654867,682.1844260348812
06065041904,1,21868507.29837613,0.36482670933735983,21868507.29837613,21868507.29837613,0.0950081795454025,0.8238087318821953,0.3509,655956100.0,21868507.29837613,239310305.43276814,21868507.29837613,183.62774307526942,50.774337818379685
06079013100,2,21565425.50198326,0.2237901387686858,21565425.50198326,21575262.207339387,0.0408682264387607,0.45385341849768485,0.336,1570482000.0,43130851.00396652,702916769.4274465,43130851.00396652,148.16530286014063,62.781442509412685
06037430301,1,21110124.831393804,0.288242527364546,21110124.831393804,21110124.831393804,0.1738061755895614,0.619531465232551,0.0774,1569222900.0,21110124.831393804,452316774.69432217,21110124.831393804,62.75636962629852,23.447878297671668
06053011101,7,20338391.474272866,0.33772229980516005,20338391.474272866,24708509.658058066,0.26311372646263664,0.2708847885794724,0.6245,123777200.0,142368740.31991005,292616244.5321028,142368740.31991005,713.125026243478,363.4637230531275
06023010902,1,20244007.90489052,0.20646031163655762,20244007.90489052,20244007.90489052,0.0665840879082679,0.3254942256080789,0.3776,805182000.0,20244007.90489052,166238126.64414674,20244007.90489052,102.98225292968739,50.736861917018835
06037930400,47,19858835.26762648,0.2431972049150227,19858835.26762648,27262881.750859458,0.13911542122034312,0.2611983143495038,0.4764,299644800.0,933365257.5784445,3425020557.8840866,933365257.5784445,4320.374030389657,1831.5644771947498
06065040101,1,19857072.23340744,0.3786709696042756,19857072.23340744,19857072.23340744,0.0878296867012977,0.6206537541787558,0.7428,304370100.0,19857072.23340744,115256120.88555032,19857072.23340744,251.56502078232748,57.60682400176223
06113010401,1,19845664.96391321,0.19159784215807768,19845664.96391321,19845664.96391321,0.0662578269839286,0.41682976222037793,0.1671,1792470500.0,19845664.96391321,343433479.9320106,19845664.96391321,51.37260860502714,21.844430340025546
06071002207,1,19706928.51894078,0.3704115123352396,19706928.51894078,19706928.51894078,0.0569381527602672,0.6878747865170202,0.6779,510563700.0,19706928.51894078,189118672.26047558,19706928.51894078,225.22151086734024,38.48257863491658
06059021924,4,19301219.04510701,0.23695408886502767,19301219.04510701,20568131.04892009,0.0964693464338779,0.5179980521602957,0.1666,1200937500.0,77204876.18042804,1138268204.3853765,77204876.18042804,282.73498449463233,98.03793800689274
06021010300,174,19150962.347868536,0.25104298449493107,19150962.347868536,42224896.68027437,0.13865630262285125,0.24611611061168476,0.5394,256059000.0,3332267448.529125,11185035908.621035,3332267448.529125,25155.42503097645,13469.148943125001
06077003700,3,18211164.46657755,0.3739880385391386,18211164.46657755,18599703.140411142,0.0634055783351262,0.5257508312385849,0.9228,311245200.0,54633493.39973264,349205945.55816567,54633493.39973264,557.6651737310345,218.0107478042005
06101050701,3,18072229.099812035,0.3721286718349835,18072229.099812035,18270656.324072555,0.07911143948634464,0.5895098403060374,0.7786,293398600.0,54216687.2994361,327546094.0087308,54216687.2994361,851.5054096229551,255.37770748674563
06053011400,43,18014787.86359306,0.2020398162284425,18014787.86359306,23636906.566341847,0.06503860752076598,0.2656017082268651,0.4492,616620800.0,774635878.1345016,5357023983.929314,774635878.1345016,5596.6370856922185,1849.2143187741742
06111008502,1,17477473.10215506,0.2529183609742788,17477473.10215506,17477473.10215506,0.0615909993648529,0.5451428709728411,0.2929,968817600.0,17477473.10215506,245031759.47503442,17477473.10215506,60.36185242692827,24.678725080704687
06065041004,1,17337127.89282373,0.3454505443608114,17337127.89282373,17337127.89282373,0.0590865574777126,0.6612242187398504,0.5877,499266900.0,17337127.89282373,172472022.3863348,17337127.89282373,147.3736207570418,47.33040647781526
06099002802,2,16960306.819226634,0.30633654887650186,16960306.819226634,20309643.756599404,0.0396475931629538,0.5233091743167497,0.6476,660556600.0,33920613.63845327,404705258.3631918,33920613.63845327,361.9771652231725,119.18697694467065
06065044904,3,16942624.914593946,0.3218948037683747,16942624.914593946,17430076.24057502,0.035238228738307904,0.5935189646640692,0.6311,761848200.0,50827874.743781835,735704930.5208685,50827874.743781835,388.35697043525744,154.91580232789346
06065044104,6,16762456.82521453,0.3251668262545368,16762456.82521453,17437259.808559164,0.09660205245018001,0.5112193334314894,0.6175,281005200.0,100574740.95128718,548241414.2701283,100574740.95128718,1029.3508980470892,347.8891074067353
06085513500,38,16542542.55119944,0.22512620566769748,16542542.55119944,27054697.102619745,0.21387649954933866,0.2662265196434271,0.1916,403686000.0,628616616.9455787,3453451303.5244646,628616616.9455787,1907.5602219505604,638.4487273467182
06061021327,3,16086218.875475502,0.24867941845699792,16086218.875475502,17007992.66808083,0.08165699491898216,0.5199030699916894,0.2594,759435000.0,48258656.6264265,566567562.4676707,48258656.6264265,258.5665314515784,97.98712005365786
06045010802,2,15806945.425754447,0.24737149689473453,15806945.425754447,25167105.955125168,0.09774356521666044,0.349532380954681,0.4682,345404800.0,31613890.851508893,170886604.8212528,31613890.851508893,159.44016372479044,67.3639268090963
06019003900,19,15750978.625674363,0.28946832351595786,15750978.625674363,18825359.186246376,0.036930500382655496,0.38741024441543376,0.7739,551109000.0,299268593.8878129,3031043367.786565,299268593.8878129,3330.4015835596165,917.7203124434619
06081600300,1,15337307.650872098,0.34202861172819166,15337307.650872098,15337307.650872098,0.0668068379163742,0.9023506425666818,0.1896,1210848700.0,15337307.650872098,414144899.87388563,15337307.650872098,52.08496244029998,17.391209491860867
06035040302,10,15102680.901587423,0.24163072241590333,15102680.901587423,22648607.18995625,0.08100001104176041,0.4178357229834105,0.3789,492089800.0,151026809.01587424,1189040138.674974,151026809.01587424,1235.3088933948516,603.3831762519945
06109003200,21,14919561.275839448,0.24809523874035463,14919561.275839448,15918230.120812291,0.032735315284558655,0.40762527032691764,0.5472,832901100.0,313310786.7926284,4339414742.283684,313310786.7926284,2058.0154288936224,1007.7542193394287
06067004100,1,14709569.311577994,0.4230756364778431,14709569.311577994,14709569.311577994,0.0392857678234577,0.8087758418870474,0.804,465702600.0,14709569.311577994,197027423.90438637,14709569.311577994,161.94017783121757,54.359088365033244
06011000302,1,14642754.705207644,0.2740512877618779,14642754.705207644,14642754.705207644,0.0872591659426689,0.29393901596847816,0.7112,235950000.0,14642754.705207644,64662401.3474151,14642754.705207644,152.2920959804177,46.54403911381959
06089012500,9,14509475.239924034,0.22720030717001455,14509475.239924034,28616416.346751895,0.11504137350453265,0.2683320680591607,0.4459000000000001,282852600.0,130585277.1593163,578377778.4345353,130585277.1593163,706.8206526329022,545.6969375650493
06101050504,6,14455828.862466894,0.3293204852326454,14455828.862466894,21998616.582018264,0.03214578765134014,0.641958638023251,0.6033,745393500.0,86734973.17480136,1472840094.655559,86734973.17480136,948.3447754436162,271.4709645533689
06019004100,1,14394398.327511106,0.35150778941005323,14394398.327511106,14394398.327511106,0.0471592918038368,0.4738938116937828,0.9288,328627600.0,14394398.327511106,115515161.21513121,14394398.327511106,146.6913917115747,42.22469441921709
06035040200,26,14386739.61215922,0.21779750394119324,14386739.61215922,18752838.196830325,0.06822124395806052,0.2694229398738766,0.5143,410040000.0,374055229.9161397,2321947901.4172187,374055229.9161397,2244.112441697648,2326.2141163939036
06019001700,2,14331070.516182002,0.33698493851887157,14331070.516182002,15598054.7460319,0.029057297855615602,0.535120965303546,0.8096,609190200.0,28662141.032364003,410575844.1865982,28662141.032364003,306.57504169778804,94.00505422224992
06051000102,12,14122169.259024814,0.19710563551459562,14122169.259024814,18956303.708237406,0.10541336797177787,0.239396505095689,0.3629,369163500.0,169466031.10829777,873170475.3155091,169466031.10829777,960.8003042274419,725.7645871875708
06113011400,4,14075018.441539202,0.2721105889864382,14075018.441539202,21417530.77502637,0.03519458603113885,0.3552443199028959,0.7397,540651600.0,56300073.76615681,588468101.2498407,56300073.76615681,433.92529936760644,174.73641764791063
06011000200,1,13842610.845201926,0.29617335412772827,13842610.845201926,13842610.845201926,0.034008651971817,0.4332967604727325,0.7459,545692500.0,13842610.845201926,161619578.04734537,13842610.845201926,124.65370092739458,50.09993067391215
06099000501,3,13842413.705976808,0.27816577967845757,13842413.705976808,14261285.105787095,0.03899389505386347,0.6038961071717527,0.3875,916101300.0,41527241.11793043,764484097.1368456,41527241.11793043,362.28058077692936,114.3686067692934
06047000901,5,13799153.414440185,0.2535814684070393,13799153.414440185,17549192.12361766,0.03389026746153826,0.332587782254234,0.6843,595019100.0,68995767.07220092,754429085.5411749,68995767.07220092,449.675623364015,131.14572718532773
06067003800,1,13670773.230306996,0.3796099573381857,13670773.230306996,13670773.230306996,0.0407254360616207,0.7382907976912513,0.6888,487342400.0,13670773.230306996,185000027.67308903,13670773.230306996,159.81042300661497,49.034337267959096
06043000400,3,13669649.510812126,0.24868559108113264,13669649.510812126,15327331.670976141,0.08016685396432872,0.2775405469965609,0.6267,272083900.0,41008948.53243638,202990036.48547935,41008948.53243638,264.06442214636195,167.4518110756896
06111005304,3,13650729.321309151,0.3365443338023176,13650729.321309151,13787761.567287052,0.0229830717047055,0.816309326499883,0.4008,1481904000.0,40952187.963927455,1496179183.316969,40952187.963927455,157.6015234173592,83.23615439822653
06069000802,1,13500133.363119373,0.18183501539593092,13500133.363119373,13500133.363119373,0.03190553560853,0.27387415863888637,0.4186,1010817600.0,13500133.363119373,183802033.85847795,13500133.363119373,47.212248222257884,17.843158026856162
06011000100,10,13429854.509086287,0.24922039058534073,13429854.509086287,14938830.824142486,0.03837886136025185,0.3701031996840493,0.595,588115000.0,134298545.09086287,1465702500.0909765,134298545.09086287,1264.3973443427012,422.4553164229722
06029005206,18,13285360.552147789,0.27227776476749493,13285360.552147789,15712257.615186214,0.16653343207306326,0.28517016243654436,0.5173,154216000.0,239136489.9386602,755812579.884912,239136489.9386602,3847.185969924106,2294.9759111195795
06095253501,1,13211338.889075805,0.2097560725032096,13211338.889075805,13211338.889075805,0.0293015465140342,0.4268843308206416,0.3352,1345092900.0,13211338.889075805,282141403.85595244,13211338.889075805,56.161500642621384,34.11138365369431
06111007614,1,13198378.039609242,0.24582759380614638,13198378.039609242,13198378.039609242,0.0307351760566234,0.5476666859261157,0.3308,1298133500.0,13198378.039609242,319117034.7441511,13198378.039609242,84.62157430161668,24.879129198132407
06063000100,9,13170934.158786641,0.24740161386379533,13170934.158786641,15243229.549611975,0.056461599551969055,0.4729693802927027,0.3864,603707100.0,118538407.42907977,1344222997.5692852,118538407.42907977,1081.6968800380191,447.483606753793
06111005602,1,12886355.28314527,0.2734508165858508,12886355.28314527,12886355.28314527,0.0235075000673532,0.5143902218405806,0.5369,1021010600.0,12886355.28314527,279196182.31280947,12886355.28314527,72.52128181328648,24.39673472765102
06071000121,5,12639826.220605189,0.2646651569327081,12639826.220605189,13098923.70721174,0.10800281465053554,0.6634124986914678,0.05820000000000001,2010865600.0,63199131.10302594,2661030297.972921,63199131.10302594,294.0794599753528,89.16355968259867
06019008200,4,12601876.818637608,0.3060352382691844,12601876.818637608,15328525.432925053,0.04032098222523922,0.3420491571885492,0.9163,341088000.0,50407507.27455043,417539789.40303826,50407507.27455043,967.9882395402516,260.1006567314264
06099002901,3,12491493.805969208,0.23442498941400305,12491493.805969208,12916945.199229518,0.027168867488702064,0.4187351855655068,0.4761,965705400.0,37474481.417907625,679156434.5161369,37474481.417907625,198.87712884982994,72.99275694956685
06019001600,6,12486780.21708715,0.35810796423200175,12486780.21708715,14904360.679905154,0.02724863557765875,0.5432121548105746,0.9076,504906800.0,74920681.3025229,1084866877.6493669,74920681.3025229,738.21622026095,268.72554269197593
06089012603,3,12432543.549122596,0.19455955459560403,12432543.549122596,12467342.934240976,0.07117633273204166,0.3440379607652773,0.2788,626515200.0,37297630.64736779,365683554.7781273,37297630.64736779,257.4158694301724,156.4497929839253
06113010505,1,12196423.553908648,0.20615175190916488,12196423.553908648,12196423.553908648,0.0416181683540344,0.4872755591071589,0.1958,1496707200.0,12196423.553908648,308548811.3750608,12196423.553908648,40.29600076359509,16.60733054726123
06039000514,3,12183813.313438011,0.3206297451570088,12183813.313438011,13571847.509101398,0.03083473195632293,0.4785745972628244,0.8081999999999999,488904700.0,36551439.94031403,470272168.1011915,36551439.94031403,575.3675139156094,154.68235268859092
06029004607,1,12052624.862538261,0.3569743816461023,12052624.862538261,12052624.862538261,0.0662985891103744,0.6306169569697171,0.6732,270043200.0,12052624.862538261,96398504.33773473,12052624.862538261,281.94167176457023,61.05686353869433
06019007903,51,11895837.344084114,0.2637205823184023,11895837.344084114,13454465.958655177,0.0807196068413117,0.28500259632582137,0.6893,213800000.0,606687704.5482898,2875556485.4833946,606687704.5482898,17343.663471464675,3033.438522741449
06077005140,1,11890433.487893468,0.36858161707828674,11890433.487893468,11890433.487893468,0.0387412719428539,0.7441032703561992,0.6299,487250400.0,11890433.487893468,179591540.35404205,11890433.487893468,98.66184325667724,33.13944673325938
06031000500,1,11874859.37863217,0.3236720175030279,11874859.37863217,11874859.37863217,0.0574401803314685,0.5765064244576454,0.61,338908800.0,11874859.37863217,109695295.04553017,11874859.37863217,190.74964845195382,57.53323342360547
06019007204,4,11798772.042359523,0.31258826323775796,11798772.042359523,12487398.26194888,0.029739051125943602,0.6009957922492871,0.5871,675768000.0,47195088.169438094,844948581.8866129,47195088.169438094,447.18031861365455,159.44286543729083
06057000701,3,11757890.497753283,0.19998446476580148,11757890.497753283,11795226.351404833,0.037454215188821104,0.47419119057130305,0.19499999999999998,1609882200.0,35273671.49325985,965854290.308973,35273671.49325985,159.00606518078573,72.37109456967552
06007002900,1,11748702.530521726,0.41260357524913827,11748702.530521726,11748702.530521726,0.0785901397466659,0.6817616845860178,0.8439,177145800.0,11748702.530521726,73090990.42036879,11748702.530521726,194.98732366070138,67.25072999726231
06007003502,2,11704377.522348706,0.3217615457228268,11704377.522348706,12268982.40806197,0.04197322204709045,0.4601164489976054,0.8137,342698100.0,23408755.04469741,220534140.74455175,23408755.04469741,286.41217999871094,115.37089721388571
06053010702,2,11639135.231563205,0.24001959802094483,11639135.231563205,11707452.153899929,0.1873382776975631,0.4597015305738775,0.0422,1472250600.0,23278270.46312641,706737994.3961897,23278270.46312641,49.90062261250017,25.1874815658152
06115040800,7,11605001.36033458,0.26290860160260116,11605001.36033458,23297655.330511644,0.0606442298740148,0.47082162221864593,0.4567,419010300.0,81235009.52234207,771129884.2106048,81235009.52234207,841.798904098561,290.22868711090416
06101051000,12,11550235.75335786,0.2553539978602258,11550235.75335786,16362539.529109422,0.04823703179135913,0.3955849398818207,0.5628,425457500.0,138602829.04029432,1303707282.535404,138602829.04029432,835.6093299292054,328.05403323146584
06101051100,12,11377514.234037282,0.25122799050624833,11377514.234037282,17207537.530292287,0.041918766840050574,0.35862869028741023,0.6134,442481500.0,136530170.8084474,1333964856.9742863,136530170.8084474,716.1576844374429,305.77865802563804
06053011303,6,11309068.689538961,0.22225907127656017,11309068.689538961,19346987.256253496,0.04806211404502386,0.3488267141801608,0.4679,502887600.0,67854412.13723376,670627985.5949897,67854412.13723376,568.4583162006099,197.94169234899
06061020200,7,11290251.89487358,0.16512433453411451,11290251.89487358,12320546.511937533,0.050483840384653575,0.33000804780595905,0.2044,1094133600.0,79031763.26411507,1264676578.1399052,79031763.26411507,480.2001896110648,206.29538831666682
06019006407,1,11270435.437521987,0.198865380187429,11270435.437521987,11270435.437521987,0.1077854037284851,0.33764226107728823,0.2184,478771300.0,11270435.437521987,95211036.59732963,11270435.437521987,56.661579543542864,29.496036214399336
06035040600,14,11237944.75112335,0.2335156103073381,11237944.75112335,15905184.89202896,0.11135212598102429,0.28053182438941987,0.4684,215462400.0,157331226.5157269,704393673.6799732,157331226.5157269,2413.3199279061096,1057.3335115304226
06077004905,2,11230583.480358882,0.26461564145832117,11230583.480358882,11233447.01799098,0.02731836494058365,0.46472152996009775,0.5577,737134900.0,22461166.960717764,390114848.8096308,22461166.960717764,76.60385329638368,33.60940739296389
06019007600,19,11070941.11254367,0.3133773802895251,11070941.11254367,12217211.240330597,0.034611015727645425,0.3776395747523413,0.9139,350002800.0,210347881.13832974,2083976250.6019735,210347881.13832974,2560.8147178548943,776.4779665497591
06035040100,81,10966655.454272168,0.18165498683478673,10966655.454272168,20020658.993016668,0.10906180652019414,0.22614694524896556,0.2964,339252700.0,888299091.7960455,4991782524.925434,888299091.7960455,4417.239915437457,2846.2002300417994
06077004704,1,10953500.495958596,0.23697231567594879,10953500.495958596,10953500.495958596,0.022833302617073,0.414052214558041,0.5067,946745600.0,10953500.495958596,224352497.18801555,10953500.495958596,54.34257294622497,21.47324151334757
06007003400,5,10908837.014539005,0.3268095763010986,10908837.014539005,14583439.277946832,0.04383093938231466,0.5642470220331374,0.6781,367032000.0,54544185.072695024,599747862.0447241,54544185.072695024,532.7625479130202,182.78882397015758
06107000802,5,10854757.064239454,0.24651693240571443,10854757.064239454,18888885.259865604,0.03831377588212484,0.4431334815488401,0.4721,600110400.0,54273785.32119727,739686874.5638313,54273785.32119727,301.07365467131666,103.73429916130978
06077003900,1,10808403.559688095,0.29335997364336774,10808403.559688095,10808403.559688095,0.0377108789980411,0.3156817804811572,0.899,318812400.0,10808403.559688095,93526797.26117882,10808403.559688095,57.53183013204849,24.104379035878893
06083001905,1,10557837.11651782,0.1970400265311506,10557837.11651782,10557837.11651782,0.0168054103851318,0.39779107112861567,0.3465,1813103500.0,10557837.11651782,357253961.743722,10557837.11651782,16.345370678544008,8.064958457350713
06107004500,3,10418967.611125764,0.33112120841579123,10418967.611125764,13041689.803528085,0.0279973329355319,0.4030084731600843,0.9811,379310400.0,31256902.83337729,376793154.03803146,31256902.83337729,519.5606879337972,163.82024545795227
06077003602,2,10320210.986973234,0.32589966028540196,10320210.986973234,10397254.542378608,0.02441304270178075,0.5435104631150387,0.7532,561250000.0,20640421.973946467,365822368.6703637,20640421.973946467,149.60398501561554,45.969759407453154
06019007300,5,10297500.014449637,0.302861846286963,10297500.014449637,10472665.443312176,0.025939923524856523,0.4433729484151157,0.7844,506087400.0,51487500.07224819,766372821.7328438,51487500.07224819,445.3001355422608,145.07607797195885
06043000102,2,10070328.86980733,0.2078060935909963,10070328.86980733,10072117.962538647,0.0573031865060329,0.31131500112659954,0.4288,409836000.0,20140657.73961466,170332836.34591913,20140657.73961466,132.78496084394448,68.5056385701179
06071008711,2,9697556.305846807,0.23309705329784916,9697556.305846807,9697800.809733853,0.08676063269376749,0.526722456503218,0.1585,705196800.0,19395112.611693613,328758592.15014535,19395112.611693613,84.3245676489919,32.06863857753574
06115041001,13,9529820.344185103,0.2121971380158508,9529820.344185103,13530289.279615562,0.04952783151887925,0.39951074085470384,0.3379,569439000.0,123887664.47440633,1570833238.9699047,123887664.47440633,759.9402429568422,341.57062165537997
06067004501,1,9409483.155415315,0.43893789106572756,9409483.155415315,9409483.155415315,0.0399681665003299,0.7786460260518753,0.9268,254018600.0,9409483.155415315,111498388.57546863,9409483.155415315,141.24303996478443,41.96914877526901
06111001204,1,9378517.443386633,0.2648736119035605,9378517.443386633,9378517.443386633,0.0435680486261844,0.4349652919682278,0.563,382347000.0,9378517.443386633,101273630.89049065,9378517.443386633,69.44106500698989,21.63441163410988
06113011207,2,9372027.83483256,0.21139657211888765,9372027.83483256,9532740.664579535,0.056445209309458705,0.466846558213861,0.2156,770118800.0,18744055.66966512,325600948.8886224,18744055.66966512,61.69980673449483,23.535981503848717
06021010501,4,9322519.250577465,0.29417939243300356,9322519.250577465,11572309.178411689,0.03547001257538793,0.4325479538176987,0.7334,358369500.0,37290077.00230986,421699687.1060771,37290077.00230986,395.2002401286182,143.69971869868925
06085503122,1,9231659.757522264,0.4404730349966085,9231659.757522264,9231659.757522264,0.0605509057641029,0.7143252737151901,0.9795,155652000.0,9231659.757522264,68560508.8432921,9231659.757522264,212.8028885590284,77.57697275228794
06107002702,11,9216843.017584832,0.2359878677678906,9216843.017584832,9336879.547142291,0.03395880792628629,0.3192948793491582,0.6161,440533100.0,101385273.19343317,1143565136.4519682,101385273.19343317,886.047613209354,375.36198886869
06029006202,9,9175543.268686134,0.30372757755503765,9175543.268686134,11677225.386920296,0.027859694220953468,0.4123257681485362,0.8305,396566300.0,82579889.4181752,1084033094.7506788,82579889.4181752,1793.3394937222977,404.60504369512597
06093001200,12,8990487.905919285,0.19872543296536152,8990487.905919285,10709743.18089841,0.07389660303791358,0.2311904381546824,0.4621,263283000.0,107885854.87103143,627852338.0090313,107885854.87103143,461.81241644789986,482.71076004935765
06049000200,41,8983428.30092365,0.24295558611121576,8983428.30092365,11455297.919774955,0.09789297475320533,0.23329699578204363,0.6201,147988800.0,368320560.33786964,1474142931.317715,368320560.33786964,3987.122928635594,2568.4836843645026
06013304002,1,8977330.971499512,0.28611084692531163,8977330.971499512,8977330.971499512,0.0306868199259042,0.446558123207865,0.684,427700000.0,8977330.971499512,122369609.22995579,8977330.971499512,45.54783307962109,12.82475853071359
06061021304,2,8962697.94146684,0.19537981657450532,8962697.94146684,8998464.133224798,0.047356627881526905,0.46293834211247287,0.1641,1153318900.0,17925395.88293368,450670470.2678205,17925395.88293368,86.82009928222588,34.33326160301414
06021010200,4,8941372.595564526,0.2433713807561746,8941372.595564526,9075535.696398035,0.0348737938329577,0.47191494613231916,0.4218,607852800.0,35765490.3822581,591735900.9300274,35765490.3822581,291.8417621766325,114.85385479209408
06019007700,3,8914517.594293475,0.3081008831476943,8914517.594293475,8953699.851495512,0.03804911548892653,0.4321210846774366,0.7972,293890800.0,26743552.782880425,271644045.08694714,26743552.782880425,459.1772431883361,150.3291331246792
06063000202,42,8902500.130124647,0.18047305007388875,8902500.130124647,12703556.641177675,0.12394918838427176,0.2565948529391762,0.2076,345972000.0,373905005.4652352,2622422127.366864,373905005.4652352,1242.8484278641638,1426.573847635388
06033001200,2,8684226.399062805,0.23397398915688536,8684226.399062805,8797446.577877223,0.03130164183676235,0.37047722746168066,0.5359,517702500.0,17368452.79812561,242257838.2429849,17368452.79812561,101.68732125326557,52.235948265039426
06083002809,1,8613666.57429836,0.24113715588288145,8613666.57429836,8613666.57429836,0.0236748866736888,0.4401323751534568,0.4863,748162400.0,8613666.57429836,180409753.2745107,8613666.57429836,60.86974589783638,19.330490516827556
06033000300,5,8582736.991317052,0.2812585544428092,8582736.991317052,9100349.913052348,0.02100351825356478,0.48725598438675616,0.6229,656017500.0,42913684.95658526,922552668.6959281,42913684.95658526,267.6146370445762,112.84166436125494
06065044524,4,8270825.69026606,0.3220657271037964,8270825.69026606,10326706.55813626,0.042140453122556175,0.41338500180839427,0.8849,221796900.0,33083302.76106424,285732719.4714721,33083302.76106424,282.80801956644933,172.57852248859803
06019007801,3,8255060.343345914,0.3335930133557994,8255060.343345914,8335197.1190440515,0.06467708945274346,0.3593815620980922,0.9672,131963400.0,24765181.030037742,132066204.7760301,24765181.030037742,596.2181948360676,164.77166353983864
06019006301,1,8200761.990359377,0.30791747571691075,8200761.990359377,8200761.990359377,0.0235340818762779,0.542234782595906,0.6674,522120500.0,8200761.990359377,160770026.38005129,8200761.990359377,88.11428543011834,25.27199380696264
06099000205,1,8186058.861731498,0.33142523944558094,8186058.861731498,8186058.861731498,0.0291207153350114,0.7036829392602508,0.5288,531595600.0,8186058.861731498,176184199.01821727,8186058.861731498,76.28681576938907,25.470002681180766
06019005906,4,8097761.033461895,0.23973169221683713,8097761.033461895,15251267.03036964,0.0753490035422146,0.46132396815243276,0.3183,337637600.0,32391044.13384758,323769732.8161263,32391044.13384758,213.16612861070365,74.44505661651937
06039000513,5,8081489.911349838,0.2655301779799438,8081489.911349838,8816241.38400067,0.026821544021367983,0.44933135323086615,0.5866,513648000.0,40407449.55674919,681945224.295211,40407449.55674919,296.81281184315856,103.21187626245005
06107004200,2,7926948.749533594,0.32167224377501513,7926948.749533594,7939596.447031569,0.0292399721220135,0.3894408590466947,0.9511,285038100.0,15853897.499067187,183377690.37673432,15853897.499067187,367.20505535520186,108.07019426766999
06019007500,1,7856013.971095453,0.31760755572584004,7856013.971095453,7856013.971095453,0.0336152017116546,0.48813318290004243,0.7718,302804100.0,7856013.971095453,96172870.06476285,7856013.971095453,136.70005661647892,39.61681276397102
06019006802,2,7837528.9525430985,0.3627513710148898,7837528.9525430985,8148447.5993104745,0.02922328468412155,0.5306657622427634,0.9447,283894000.0,15675057.905086197,205965875.44580227,15675057.905086197,170.6127249139339,67.36165838025869
06017031406,1,7826769.883819322,0.22654755775448088,7826769.883819322,7826769.883819322,0.0392581410706043,0.5274616240639292,0.2434,819091200.0,7826769.883819322,185563110.93818703,7826769.883819322,51.331778214535085,22.627261878633487
06079010301,5,7822112.089076869,0.20186888520317256,7822112.089076869,8489579.894552786,0.02296805828809734,0.31548285353041294,0.4787,711436800.0,39110560.445384346,718084768.5425622,39110560.445384346,192.9039327215765,84.0003445991932
06047002500,1,7741404.27067152,0.2545300748333268,7741404.27067152,7741404.27067152,0.0230362322181463,0.3366398624141787,0.7101,473248000.0,7741404.27067152,120455848.85472223,7741404.27067152,38.32686077106162,15.049386218257231
06019001800,1,7736318.233054863,0.3153026218841769,7736318.233054863,7736318.233054863,0.0338407382369041,0.5375408425524162,0.6856,333444600.0,7736318.233054863,105135956.63312061,7736318.233054863,109.81132757000313,33.827364377152875
06073020902,5,7735169.437958019,0.21129759815481025,7735169.437958019,8258140.186446628,0.03027166500687594,0.35620588550457427,0.4465,572284600.0,38675847.18979009,604611807.2049316,38675847.18979009,159.76264739023867,80.96262756916494
06107000303,5,7653765.791115572,0.2738532272735282,7653765.791115572,8085251.47728397,0.029581823945045445,0.4956077176700181,0.5519,468802400.0,38268828.95557786,641915250.9678773,38268828.95557786,313.0550505813133,104.16121109302628
06017030603,4,7619366.985523686,0.17013224549421802,7619366.985523686,8183561.473813938,0.046419512480497305,0.3108082975132312,0.2684,611555400.0,30477467.942094743,416181173.7844588,30477467.942094743,199.2442824190495,103.55918430885065
06079010017,2,7490154.919991309,0.18640178694078774,7490154.919991309,7548119.913669074,0.01972431689500805,0.3892654283109457,0.2988,1270890800.0,14980309.839982618,473792632.25321454,14980309.839982618,54.97574228539456,37.50703515268557
06077004001,3,7466624.674841235,0.30544331660201984,7466624.674841235,7549898.907295883,0.04174710561831787,0.35176587930953646,0.8952,199791900.0,22399874.024523705,183075301.69865727,22399874.024523705,238.5829051337239,93.8411144722401
06071010419,2,7427296.971804652,0.2786901131255383,7427296.971804652,7629853.871531995,0.0318087767809629,0.5240190824501896,0.5279,442315500.0,14854593.943609305,246537913.4643581,14854593.943609305,158.07850661477835,81.84349280225513
06019006408,113,7337973.579559393,0.19641427859346283,7337973.579559393,10503028.579711454,0.08484441549640837,0.2265069028175288,0.4302,201040000.0,829191014.4902115,4462045302.232564,829191014.4902115,3613.0686862983744,2961.396480322184
06065040603,1,7231244.140204076,0.3498205911877076,7231244.140204076,7231244.140204076,0.0585939288139343,0.7104120892691348,0.537,229819100.0,7231244.140204076,80395453.42822689,7231244.140204076,86.8432337737083,18.155270249068728
06071010300,8,7207529.384361379,0.23000390771726784,7207529.384361379,12067525.462600585,0.05161384877283122,0.2020566111028407,0.7179,194516400.0,57660235.07489103,357916256.9207613,57660235.07489103,1015.8610050445699,599.3787429822353
06043000301,5,7197774.300001021,0.2498751808337399,7197774.300001021,8684660.033351459,0.02067732326686378,0.4287883973343602,0.5545,627772600.0,35988871.5000051,784323959.7373354,35988871.5000051,213.54634837123987,116.31826599872367
06107001602,4,7109542.276387826,0.3416646291324395,7109542.276387826,9855623.1909964,0.026096827350556826,0.5469207181905369,0.8227,331140600.0,28438169.105551302,452556121.158774,28438169.105551302,512.3567357301372,147.88439472465575
06111002905,2,7085430.868410926,0.2852384930495334,7085430.868410926,7117900.225793731,0.01636361330747595,0.6334556213193181,0.4351,995171600.0,14170861.736821853,567722495.019386,14170861.736821853,76.7230526252921,23.438408430072528
06107002500,6,7054246.386716597,0.2912353067915606,7054246.386716597,10811822.04326552,0.03479017814000444,0.44460072573852805,0.7023,288716300.0,42325478.32029958,504506281.2373455,42325478.32029958,534.6460156012411,191.60470040878036
06071010420,1,7051892.895610732,0.29708972376824005,7051892.895610732,7051892.895610732,0.0324397459626197,0.4785661692897674,0.6865,316656000.0,7051892.895610732,94075243.56955582,7051892.895610732,90.39346566395066,48.9714784417412
06071012105,1,7049433.119099096,0.20580512981013577,7049433.119099096,7049433.119099096,0.0643496140837669,0.34970107589417443,0.3436,318827000.0,7049433.119099096,65616232.12197616,7049433.119099096,58.990887101018394,25.449217036458833
06029004703,2,6972883.734972698,0.3943172717257163,6972883.734972698,9054479.115876699,0.05671540275216095,0.6987319011654527,0.7817,157279200.0,13945767.469945395,124035810.08640656,13945767.469945395,454.60524861780857,75.54586928464462
06019006900,4,6966267.320830588,0.3144780432434532,6966267.320830588,7710774.204503086,0.030363390687853077,0.504321159665089,0.74,310040300.0,27865069.283322353,390003467.48245287,27865069.283322353,292.00594278071054,87.26924297939979
06025011100,1,6945601.148245335,0.3098283328533077,6945601.148245335,6945601.148245335,0.0344856604933738,0.4142183420220692,0.8416,239312600.0,6945601.148245335,74145823.88879049,6945601.148245335,123.55147237579799,39.15220489428036
06109003103,7,6871015.629798455,0.1541109092906933,6871015.629798455,8501502.670317117,0.034800770027296826,0.26976841425681625,0.2789,707919000.0,48097109.408589184,763686285.559108,48097109.408589184,64.13681689813126,161.0214576785711
06089012702,1,6826009.026432624,0.2339119659415465,6826009.026432624,6826009.026432624,0.0234013348817825,0.28483766166885094,0.6838,426576700.0,6826009.026432624,99781394.5218573,6826009.026432624,39.38051050151283,27.827187225571237
06103000800,2,6806115.548195731,0.2804981626317281,6806115.548195731,6813252.048159304,0.02458201628178355,0.46262384830278774,0.6471,427868600.0,13612231.096391462,240032712.29561964,13612231.096391462,138.26384162080905,65.7278179449129
06043000302,5,6706228.708280119,0.19019185715866996,6706228.708280119,8285301.036865687,0.04046348407864566,0.3352670503978238,0.3469,477761100.0,33531143.541400596,454331354.43584514,33531143.541400596,157.07159759481158,112.78554840699832
06107001502,3,6612664.282522977,0.3767849912104179,6612664.282522977,6824482.327423583,0.018278429284691766,0.6584859218935732,0.8504999999999999,425366500.0,19837992.847568933,480815138.89111865,19837992.847568933,265.60006316177953,93.97438582458045
06031000100,6,6609791.379479963,0.23021615112766972,6609791.379479963,6878704.214217919,0.02754382696002718,0.3970807921588537,0.4866,493164000.0,39658748.27687978,681205907.7283566,39658748.27687978,259.34468694579755,99.39535908992426
06011000400,4,6583869.926211146,0.2524229092547665,6583869.926211146,6635502.3828473855,0.0280060423538088,0.2865996269262069,0.7622,308432800.0,26335479.704844583,311422018.7423742,26335479.704844583,200.82510117534343,104.34025239637315
06103001101,14,6577078.470448537,0.30693837028033416,6577078.470448537,7080786.433209814,0.04582280599113016,0.378756557615897,0.852,168465800.0,92079098.58627951,723920653.399618,92079098.58627951,1023.1873327020395,377.6829310347806
06029006201,2,6523500.913683539,0.3406721446276722,6523500.913683539,6570653.446598657,0.02829417865723365,0.4508168509968512,0.9564,241070500.0,13047001.827367079,164252008.4829305,13047001.827367079,138.00881758566914,44.758153781705246
06039000111,1,6521042.313072522,0.22472427717915297,6521042.313072522,6521042.313072522,0.0501484498381614,0.40376684086690756,0.3926,331214400.0,6521042.313072522,74431916.63132684,6521042.313072522,43.76704956656539,23.389678310877052
06065046401,5,6496136.771513177,0.2281428581026038,6496136.771513177,6645829.342947762,0.027831246331334058,0.44295744978978924,0.4067,573916000.0,32480683.857565884,654674182.7540698,32480683.857565884,243.98035271706402,78.83661130477157
06007001200,2,6493021.720462474,0.3215224445362649,6493021.720462474,6550353.861543358,0.02512309141457075,0.6727363294299316,0.5357,482449800.0,12986043.440924948,310236878.12406415,12986043.440924948,108.58269449109781,43.90143151090246
06033000501,3,6464228.273431229,0.2207668791201763,6464228.273431229,6531757.044562322,0.033687517046928364,0.36434373532237374,0.4731,405597000.0,19392684.820293687,268627151.61151844,19392684.820293687,133.87554024517522,91.5613069891109
06007001900,1,6388055.447052134,0.30132661405218,6388055.447052134,6388055.447052134,0.0395735651254653,0.6329327716314911,0.4583,352219700.0,6388055.447052134,106133169.60347462,6388055.447052134,37.54268933679155,21.201644364593875
06065040806,1,6365919.42573444,0.29615615236542886,6365919.42573444,6365919.42573444,0.0944800078868866,0.7427204947399518,0.1305,516310200.0,6365919.42573444,152908442.25902504,6365919.42573444,36.01488144640624,11.614521849542855
06033000901,8,6334035.298005929,0.26359592131186993,6334035.298005929,7156316.9265445415,0.04035422857850785,0.5339293567420534,0.4162,377128500.0,50672282.384047434,795276275.2837083,50672282.384047434,424.85719561994915,230.43329869962457
06019007802,3,6329427.568233095,0.31924253032505834,6329427.568233095,6363004.825534701,0.02565072725216543,0.35572388899658547,0.9985,247125000.0,18988282.704699285,236678430.91974014,18988282.704699285,372.2740706293092,101.27084109172952
06111000303,6,6285976.459563791,0.26887889953714644,6285976.459563791,6430258.765344825,0.021731073657671563,0.574977875694369,0.4276,676478300.0,37715858.75738274,1091344445.1885576,37715858.75738274,287.073446024453,83.2395911661504
06071000122,5,6254056.699853326,0.24901346281814937,6254056.699853326,6602891.524599491,0.12463304251432414,0.5820564718699577,0.060399999999999995,830790800.0,31270283.499266632,1034390469.927303,31270283.499266632,168.0212943387508,49.533159352552886
06107000902,1,6098203.495964232,0.26938551673733147,6098203.495964232,6098203.495964232,0.0348168946802616,0.4406568979906688,0.5989,292454000.0,6098203.495964232,78782871.91189954,6098203.495964232,75.44195069446337,18.558136019367716
06101050800,1,6049446.274976579,0.2024612958444814,6049446.274976579,6049446.274976579,0.0519484691321849,0.3813568709279632,0.3104,375164000.0,6049446.274976579,75956189.59419902,6049446.274976579,51.18013049433224,21.300867165410487
06005000201,1,5958745.2303511575,0.2164462593168194,5958745.2303511575,5958745.2303511575,0.0258104354143142,0.4086034720322077,0.4048,570320500.0,5958745.2303511575,123443738.8366981,5958745.2303511575,25.47238065543168,12.025721958327262
06007001400,6,5929649.599254987,0.18005657058588595,5929649.599254987,7927632.975497412,0.02362458314746615,0.4362142633738429,0.18689999999999998,1342936800.0,35577897.59552992,1450827568.3295028,35577897.59552992,163.77729982197673,62.549046405643324
06083002006,1,5588054.123613969,0.18178906910067777,5588054.123613969,5588054.123613969,0.0229638330638408,0.3575571752291913,0.3152,772022600.0,5588054.123613969,140345269.7786849,5588054.123613969,19.543140490651073,7.658015792262532
06067009406,1,5586019.095624109,0.2270027943109601,5586019.095624109,5586019.095624109,0.023846935480833,0.41333108856847867,0.4554,514371400.0,5586019.095624109,116763745.11364058,5586019.095624109,25.17323526085759,9.306929516201448
06019005904,1,5571042.654802133,0.25535556937819825,5571042.654802133,5571042.654802133,0.0195603463798761,0.5649846539608675,0.3804,748720000.0,5571042.654802133,191189821.9048446,5571042.654802133,47.64315914987987,14.58388129529354
06027000500,13,5529196.049252531,0.16376528485541414,5529196.049252531,9367637.000195252,0.05341767892241472,0.22378815131402263,0.3496,296077600.0,71879548.6402829,630334022.5429958,71879548.6402829,552.7933631383264,333.0840993525621
06089012303,1,5518929.453074092,0.22696392354592226,5518929.453074092,5518929.453074092,0.0488719418644905,0.49162650871225666,0.2752,410342800.0,5518929.453074092,93133011.88681968,5518929.453074092,48.00147393355369,19.515309240007397
06115040901,4,5483629.784461141,0.2633106278293126,5483629.784461141,6905729.326242518,0.027558147907257052,0.3865051795856134,0.6679,297924800.0,21934519.137844563,313787064.5356895,21934519.137844563,246.78881432514166,93.06117580757132
06077004106,1,5467992.732669275,0.22927852757678538,5467992.732669275,5467992.732669275,0.035863060504198,0.4398899910822879,0.3969,384148800.0,5467992.732669275,88077071.234389,5467992.732669275,27.0019904106784,8.426556838756781
06047000303,1,5422643.142220181,0.24846488696361474,5422643.142220181,5422643.142220181,0.0221885237842798,0.4388354169049161,0.5286,462333600.0,5422643.142220181,114873665.66348107,5422643.142220181,30.952444841385223,9.594202303998907
06059032011,1,5355811.324981548,0.1940922470393049,5355811.324981548,5355811.324981548,0.0873923078179359,0.4152536437677898,0.1291,474707200.0,5355811.324981548,92136987.13373671,5355811.324981548,18.87536642944141,7.942772245264049
06059032041,1,5300065.54820301,0.18775545443884112,5300065.54820301,5300065.54820301,0.0566553585231304,0.35662591725758636,0.2622,356785800.0,5300065.54820301,66988480.01632548,5300065.54820301,14.156848359540847,5.9271589669011515
06111005305,3,5295812.404310892,0.20340403870706456,5295812.404310892,5391032.220566461,0.02405252556006107,0.5742592530901134,0.09549999999999999,2305518100.0,15887437.212932676,1406855078.5567136,15887437.212932676,36.21246025089164,12.74154881139841
06073018615,1,5275839.235234943,0.4083661906649615,5275839.235234943,5275839.235234943,0.0216582510620355,0.8063235504464793,0.7782,313023500.0,5275839.235234943,127828214.28361358,5275839.235234943,56.36128406533584,14.882480212228334
06029003307,7,5110380.3252215,0.1621051092775673,5110380.3252215,5545169.643173986,0.0254939853080681,0.30506038874511077,0.2892,693134000.0,35772662.2765505,786523939.6979812,35772662.2765505,109.98096084065868,129.79921000199747
06007002401,1,4933439.729589607,0.22227461840656904,4933439.729589607,4933439.729589607,0.0677215754985809,0.29231276885759516,0.5036,144656200.0,4933439.729589607,32153401.65514433,4933439.729589607,38.02661274451016,26.15821701797246
06067009403,2,4915238.138100582,0.21729355261760774,4915238.138100582,4937231.70908333,0.04108088277280325,0.44191037077068707,0.3209,372850800.0,9830476.276201164,162036149.8566343,9830476.276201164,50.64852999264703,18.82511734239978
06053014110,4,4857343.03226659,0.2850031873439348,4857343.03226659,5000615.45130439,0.21385299414396283,0.5852556342398445,0.0125,1817077400.0,19429372.12906636,2071491402.6025198,19429372.12906636,69.60914959385991,24.528938428312536
06011000500,1,4669179.441805083,0.249864787988629,4669179.441805083,4669179.441805083,0.034012533724308,0.4041284037549166,0.5581,245974200.0,4669179.441805083,61460291.33367263,4669179.441805083,49.999628618426605,22.437190974555904
06107000302,3,4617389.852442049,0.31734592956044594,4617389.852442049,4640511.049305149,0.031197730451822236,0.41775688111511594,0.8821,167786000.0,13852169.55732615,159738612.41168696,13852169.55732615,253.04196830012424,71.00035652140517
06047000401,1,4564120.799697911,0.2944836459031672,4564120.799697911,4564120.799697911,0.0274093430489301,0.4294632479290073,0.7597,219187800.0,4564120.799697911,64547222.48149424,4564120.799697911,33.441541930321144,13.805568057162466
06039000204,1,4504040.44541592,0.25395246269850263,4504040.44541592,4504040.44541592,0.0174198970198631,0.47394171396190377,0.5153,501760600.0,4504040.44541592,127423340.0550783,4504040.44541592,41.80343445520022,15.601109959875021
06103000900,7,4496916.308400509,0.26461676830571024,4496916.308400509,4546837.128637054,0.024143307336739084,0.38741704879113553,0.6816000000000001,273267800.0,31478414.15880356,506178694.8260781,31478414.15880356,400.98525946633737,182.69538107256852
06029003900,7,4473506.8090338325,0.23853537010200135,4473506.8090338325,4911339.615802885,0.0390026196837425,0.3781135342004336,0.528,217230300.0,31314547.663236827,362719770.0550814,31314547.663236827,391.66555494797205,87.78959255182738
06007003600,1,4462140.023390998,0.22169132821210372,4462140.023390998,4462140.023390998,0.0290807448327541,0.38110318598575554,0.4641,330617700.0,4462140.023390998,73295077.04343085,4462140.023390998,56.92770416908481,17.8557023745138
06019008304,15,4431966.526496531,0.2927164370044834,4431966.526496531,4896724.958605346,0.027422262107332507,0.2856843531693903,0.9665,167221200.0,66479497.897447966,734225907.8342117,66479497.897447966,1619.63599372689,394.77136518674564
06049000300,5,4303787.188775575,0.1603143302484761,4303787.188775575,4926853.294059712,0.02740529142320152,0.2304389484562511,0.3874,405374800.0,21518935.943877876,324936947.80804974,21518935.943877876,136.31983908195178,90.72064057284096
06053011305,2,4226747.909810057,0.23414808543092192,4226747.909810057,4908706.468172563,0.02057054638862605,0.34814270745536297,0.5971,344122800.0,8453495.819620114,161151389.54625612,8453495.819620114,105.87664340335105,28.348409857881002
06029004605,13,4205426.164079266,0.1944196090128645,4205426.164079266,4895977.8245321335,0.045710529988774826,0.3434811467282569,0.3426,268538400.0,54670540.13303045,678718699.5282228,54670540.13303045,723.339489222611,190.55608272230901
06089012604,6,4189878.070975108,0.17147910020272947,4189878.070975108,5922892.242107388,0.0413082980861266,0.3107498371988872,0.288,352185600.0,25139268.42585065,362354818.7541504,25139268.42585065,165.60331469535808,77.01981748116008
06073020903,1,4168952.4403559505,0.20888726077174222,4168952.4403559505,4168952.4403559505,0.01732112839818,0.288555655242174,0.5683,423519200.0,4168952.4403559505,88467765.57223965,4168952.4403559505,27.463636379633087,15.198514182850712
06071010700,1,4154617.5713591436,0.28019852694846425,4154617.5713591436,4154617.5713591436,0.0286233071237802,0.4406229112885805,0.6685,217125000.0,4154617.5713591436,60838105.1636853,4154617.5713591436,75.40977708106567,35.877526522963244
06093000100,56,4138376.565258903,0.2856385667857492,4138376.565258903,5763287.257743519,0.09818361796039551,0.24542252601850487,0.8145999999999999,51742400.0,231749087.65449858,827658998.7710773,231749087.65449858,4913.354408705142,2615.678190231361
06065045612,2,4056437.9180634134,0.30257623114489773,4056437.9180634134,4176547.5633845427,0.02974101621657605,0.44415241012203244,0.7723,176605000.0,8112875.836126827,106872950.60268933,8112875.836126827,155.40816485160133,65.6913023168164
06019001413,1,4008515.273027809,0.2946776727086675,4008515.273027809,4008515.273027809,0.0183997936546802,0.6861259196044247,0.3982,547103300.0,4008515.273027809,161219127.17523193,4008515.273027809,50.349754710394,13.723092341759017
06047000904,1,3919889.129374914,0.3028988562931307,3919889.129374914,3919889.129374914,0.0225641708821058,0.6859225695069259,0.4292,404757300.0,3919889.129374914,122600523.24629559,3919889.129374914,47.93848360586906,14.342806913190318
06033001101,1,3809322.0171796717,0.20950211586397494,3809322.0171796717,3809322.0171796717,0.0369374975562095,0.3937112236195674,0.3646,282854800.0,3809322.0171796717,59258679.082281455,3809322.0171796717,19.64895353752222,11.487702102471868
06067009336,2,3753951.2589512723,0.20545364575248765,3753951.2589512723,3758060.4061759976,0.0180972553789615,0.5332167268766898,0.1822,1138485600.0,7507902.517902545,467812034.3134167,7507902.517902545,27.94148908721646,9.047845888048379
06107004301,18,3746698.6714182403,0.316530373180042,3746698.6714182403,4544727.45480814,0.03366828554620341,0.3837207680231343,0.9229,120579400.0,67440576.08552833,687006764.63686,67440576.08552833,1706.4373984026038,522.3902098026981
06099000102,1,3654901.3861348503,0.17116641416145534,3654901.3861348503,3654901.3861348503,0.0290659759193658,0.42237808733924154,0.1496,840541500.0,3654901.3861348503,143872474.50889093,3654901.3861348503,16.427764050695256,5.909298926652951
06079012708,11,3602172.576547185,0.15763157156586105,3602172.576547185,5233023.890334352,0.04032432982190084,0.23849802218303545,0.3296,271025500.0,39623898.34201904,469943930.49365604,39623898.34201904,136.55069744893294,88.7433333527862
06039000203,1,3579997.1788340774,0.26540533332895333,3579997.1788340774,3579997.1788340774,0.0248184259980916,0.3622537344330251,0.7216,199899600.0,3579997.1788340774,53054419.97032444,3579997.1788340774,24.768114084908273,8.560490623706547
06065047000,2,3542063.3448486216,0.2522068641977071,3542063.3448486216,4097767.6081800745,0.0317624201998114,0.3968855136593379,0.5863,190205400.0,7084126.689697243,95942214.9749411,7084126.689697243,64.7311390039074,35.978297052804685
06029006011,21,3475597.5476116296,0.16156799886160503,3475597.5476116296,3434952.259735814,0.031325509416915066,0.29368414717715835,0.289,383913600.0,72987548.49984422,1302591193.8428485,72987548.49984422,584.9823677359195,262.1679184620842
06071025100,5,3470567.721230124,0.20694704131348435,3470567.721230124,3722230.9228798156,0.028212561085820143,0.20666920256858096,0.6542,188038800.0,17352838.60615062,194570366.56069013,17352838.60615062,134.6413161877961,209.57534548491086
06033000703,1,3356800.9413249474,0.3236666350327,3356800.9413249474,3356800.9413249474,0.0390113182365894,0.5354032530480176,0.7177,119892500.0,3356800.9413249474,38805202.04065798,3356800.9413249474,54.456932926388404,30.378289061764228
06039000109,1,3350405.0339622214,0.1986123089091127,3350405.0339622214,3350405.0339622214,0.0173272546380758,0.3096289386335826,0.4853,398434800.0,3350405.0339622214,79134055.57774054,3350405.0339622214,18.583705853646592,9.199354843388855
06073021102,1,3307963.789261633,0.2287098953645748,3307963.789261633,3307963.789261633,0.0192257203161716,0.3239901173549633,0.6095,282295800.0,3307963.789261633,64563842.87985894,3307963.789261633,31.381008954588253,12.866448032911837
06087121000,6,3280591.216299104,0.1988457005841079,3280591.216299104,3443827.3970604865,0.0788949740429719,0.5141273785420731,0.0258,1611695800.0,19683547.297794625,1922872682.8767853,19683547.297794625,41.92702982369809,17.305738788284355
06021010502,17,3144599.0249615437,0.17383232595230477,3144599.0249615437,4549750.898029949,0.03926604460267456,0.30286434550322505,0.3167,252871600.0,53458183.424346246,747273392.7197741,53458183.424346246,291.3153424850759,147.34890690282867
06029004500,1,3126090.5841509267,0.25377139196581405,3126090.5841509267,3126090.5841509267,0.0261617507785558,0.2447683885884538,0.8363,142880400.0,3126090.5841509267,36258957.9926323,3126090.5841509267,58.964099514606254,20.194383618546038
06059021824,1,3086395.9473513654,0.3304289387062323,3086395.9473513654,3086395.9473513654,0.1377349495887756,0.8535382130394816,0.0275,814844600.0,3086395.9473513654,269248236.3885044,3086395.9473513654,9.961680229008197,3.2687946911156174
06005000301,4,3016744.9474452743,0.24296103624786072,3016744.9474452743,3138312.4391631046,0.016199116595089377,0.42000492650105337,0.5443,342144000.0,12066979.789781097,332510643.1439522,12066979.789781097,178.67131855309765,27.086374387836358
06025011901,3,2998249.55680522,0.23772692044574242,2998249.55680522,3081021.289233117,0.03548910096287723,0.3928745665476794,0.5106,165459600.0,8994748.67041566,118002603.4985531,8994748.67041566,109.86601601182434,37.18374812077578
06095250106,2,2984432.898323032,0.22939886326020814,2984432.898323032,3013364.318054238,0.057235244661569554,0.6168708030980778,0.0786,663400400.0,5968865.796646064,304366595.29273474,5968865.796646064,33.524239596936084,10.15804254024177
06029004606,4,2929806.2662388836,0.33638198488015486,2929806.2662388836,3187540.6486340533,0.028950714971870125,0.5004887579807326,0.8588,117838600.0,11719225.064955534,158555128.65399444,11719225.064955534,423.7628247601001,63.450054493532946
06017032002,1,2890016.353083771,0.14563959848694613,2890016.353083771,2890016.353083771,0.0628670156002044,0.34955363562281316,0.0467,984375000.0,2890016.353083771,143363979.7605876,2890016.353083771,0.7868184204459182,4.624026164934034
06047001902,13,2843476.1635027183,0.2888118285969729,2843476.1635027183,5211154.25395566,0.02531057323973907,0.35845513992367795,0.8431,133250400.0,36965190.12553534,500295791.908615,36965190.12553534,602.2603141344208,220.81953480009165
06049000400,6,2826805.7337093297,0.1780030392746321,2826805.7337093297,4567571.1183274705,0.04504925043632583,0.24286138018823053,0.4131,151898400.0,16960834.40225598,162230261.16572264,16960834.40225598,154.53615582996446,96.80841553799074
06065044521,2,2754527.156672421,0.27996996324415835,2754527.156672421,2771001.9910552045,0.03725487925112245,0.351675078728657,0.7792,94888800.0,5509054.313344842,53132027.696564585,5509054.313344842,80.46839330137962,33.26723619169591
06013304007,2,2634780.5216049305,0.2494974769900504,2634780.5216049305,2638500.886047593,0.02265323325991625,0.7096362012003077,0.1264,920168100.0,5269561.043209861,459159238.7134568,5269561.043209861,32.676763422417565,8.813448809516409
06107003402,1,2497552.4141872353,0.27012333193402316,2497552.4141872353,2497552.4141872353,0.0198315642774105,0.43922516598439304,0.6422,196104400.0,2497552.4141872353,52972373.93492245,2497552.4141872353,27.916940629065024,13.27073546326905
06055201403,1,2438823.422159161,0.19545024906296832,2438823.422159161,2438823.422159161,0.1730176508426666,0.35040474547211675,0.0191,738000369.0,2438823.422159161,144242355.92961252,2438823.422159161,3.291418582570552,1.2194111013740299
06065045900,9,2344600.9244534066,0.2453180434169616,2344600.9244534066,2408015.2308399696,0.02445430867373939,0.3377029636003063,0.6589,145510400.0,21101408.32008066,321266939.62337506,21101408.32008066,227.3858655181106,113.6929327590553
06093000200,2,2218169.5458218083,0.2427989645338749,2218169.5458218083,2220082.5981303435,0.02678833808749905,0.25034931830041796,0.7715,107328000.0,4436339.091643617,52118254.53098345,4436339.091643617,69.19379508992446,35.54758887534949
06079010303,6,2149788.8105149674,0.14889855205791128,2149788.8105149674,2323252.6025043963,0.0203791571160157,0.34102991166634483,0.18200000000000002,579613100.0,12898732.863089804,517821308.0627841,12898732.863089804,60.59774975098654,25.65890762500458
06099003611,1,2094371.969536841,0.29546226642747525,2094371.969536841,2094371.969536841,0.0268915724009275,0.8250549340900385,0.1725,451490400.0,2094371.969536841,133398376.85424738,2094371.969536841,19.76591077506073,6.095378258256231
06029003304,8,2087121.2771367717,0.24069505886331855,2087121.2771367717,2266952.9001044375,0.024507372640073237,0.2577379084776063,0.7556,112709100.0,16696970.217094174,217028187.67145324,16696970.217094174,425.31615897276595,124.8838460515645
06025940000,2,2065280.5673977328,0.3215609879209143,2065280.5673977328,2073535.3350456385,0.038712074980139705,0.38934983476948154,0.927,57551000.0,4130561.1347954655,37012312.83167308,4130561.1347954655,122.37157885747021,83.61459787035355
06025010300,1,2020884.0595999355,0.22534374539949328,2020884.0595999355,2020884.0595999355,0.0309325605630874,0.2943915503931653,0.6078,107489200.0,2020884.0595999355,24222018.917995214,2020884.0595999355,19.66564758451577,6.843494952929006
06093000902,3,1878979.6142596218,0.18250851316865943,1878979.6142596218,1912513.4275778937,0.015584728990991864,0.38925382891054494,0.2897,416173400.0,5636938.842778865,227865565.3630373,5636938.842778865,49.817362339209254,24.068910515708225
06071940100,1,1826363.2052253191,0.2253126394972883,1826363.2052253191,1826363.2052253191,0.033005267381668,0.3971666860215144,0.4483,123434100.0,1826363.2052253191,27811262.874972235,1826363.2052253191,19.235139777362292,22.801038766857918
06077005503,4,1717683.9608675,0.24340676664649652,1717683.9608675,1735325.2514895666,0.03406583890318867,0.41644615731634066,0.5072,99413400.0,6870735.84347,96791577.02133927,6870735.84347,105.67343139522066,51.35079105732436
06039000201,1,1579214.582391607,0.28432839127368514,1579214.582391607,1579214.582391607,0.0215136054903268,0.4627052950950725,0.6738,108942400.0,1579214.582391607,30975417.333494317,1579214.582391607,123.05541818357548,7.204446087552952
06019006302,1,1508303.4436727904,0.17191073800949574,1508303.4436727904,1508303.4436727904,0.0247953291982412,0.4365102447012505,0.1428,425981400.0,1508303.4436727904,73230776.85231821,1508303.4436727904,7.350644767740359,3.590343831641967
06029002302,1,1497003.7961523738,0.41021889083128493,1497003.7961523738,1497003.7961523738,0.016480853781104,0.7439282131357764,0.894,101602800.0,1497003.7961523738,41679387.92135288,1497003.7961523738,62.98735102331233,14.76335104686759
06067009653,2,1363864.1973675755,0.18525380472078898,1363864.1973675755,1366105.4805546561,0.02092495094984765,0.4459710974862172,0.205,317945600.0,2727728.394735151,117801264.18846817,2727728.394735151,30.379053038498313,5.645133267249898
06065940100,1,1312780.4883233847,0.17835345218643373,1312780.4883233847,1312780.4883233847,0.0226189978420734,0.3698131775513234,0.2805,206912100.0,1312780.4883233847,36903487.33414459,1312780.4883233847,1.1801009744144955,8.876135823687523
06019008402,1,1299973.1955450154,0.21965384456581233,1299973.1955450154,1299973.1955450154,0.0279773138463497,0.2841506254754583,0.6021,77172000.0,1299973.1955450154,16951126.49283287,1299973.1955450154,18.546499874242752,5.5083609980720984
06029004305,2,1128988.406286106,0.23268690138324943,1128988.406286106,1134192.4776627833,0.0298757087439298,0.39956349003761515,0.4894,77216000.0,2257976.812572212,35934303.554417975,2257976.812572212,55.12181790948274,11.112090613052224
06019005916,1,1109889.2491886527,0.19450635421602203,1109889.2491886527,1109889.2491886527,0.0152162378653883,0.514594117611093,0.1626,448592300.0,1109889.2491886527,87254052.80238001,1109889.2491886527,6.4080751172024355,2.3479781027896185
06019007203,1,628294.4113384951,0.24021492048257648,628294.4113384951,628294.4113384951,0.0309589430689811,0.6855848298269531,0.0953,212953200.0,628294.4113384951,51154536.0045102,628294.4113384951,4.348870842574527,1.5223998336285318
06061021328,9,538886.109840714,0.16532090749555162,538886.109840714,781481.1521881172,0.03807177891333893,0.4804167267962738,0.0108,1310599700.0,4849974.988566427,1950025785.906579,4849974.988566427,27.85794298131463,8.174574395021788
06025012400,10,522853.3699071111,0.14620775857342733,522853.3699071111,611163.9441387171,0.025896908901631783,0.18646434707537146,0.3866,52224000.0,5228533.699071111,76355539.8373867,5228533.699071111,46.85496651281556,128.15033576154684
06029003827,2,426059.5636788917,0.18714176144984793,426059.5636788917,560451.72301971,0.063773775473237,0.5015829123774314,0.0239,279531200.0,852119.1273577834,104623922.29637945,852119.1273577834,7.300885589951646,2.170451164945959
06067007101,1,209457.8910470008,0.13295433907158113,209457.8910470008,209457.8910470008,0.0437464267015457,0.3348037524026943,0.0532,90000000.0,209457.8910470008,11965890.516442303,209457.8910470008,0.7912853661775585,0.22342175045013418
06045990100,1,,0.10579506627013592,,,0.1688235700130462,0.0007475600319521026,,,0.0,0.0,0.0,0.0,0.0
06065045616,1,,0.24807204674692956,,,0.0220847595483064,0.2598322232425878,0.7954,,0.0,0.0,0.0,17.49595287374402,10.293803598407626
06073018700,10,,0.14771936257093504,,,0.03861154280602927,0.28217863722640135,0.21879999999999997,,0.0,0.0,0.0,3326.3119774851175,672.4771630503526
