GEOID,samples,risk_score_mean,risk_hev_product_mean,risk_score_p90,hazard_index_mean,exposure_index_mean,vulnerability_index_mean,asset_value_usd_mean,expected_property_loss_usd_weighted_sum,expected_property_loss_usd_hev_sum,expected_population_affected_sum,expected_housing_units_affected_sum
06021010402,1,0.4806978635891559,0.1192360923950714,0.4806978635891559,0.2000079005956649,0.7061797109710781,0.8442,543367200.0,261195452.1844216,64788981.663651235,2909.6641683051607,1217.1269906077428
06085503121,1,0.4727531877179084,0.04917078898983273,0.4727531877179084,0.0610252022743225,0.8152019552691573,0.9884,946352400.0,447391113.8044931,46532894.17042178,2255.505458602141,747.8955429697311
06085503122,1,0.4404730349966085,0.04236635496580576,0.4404730349966085,0.0605509057641029,0.7143252737151901,0.9795,155652000.0,68560508.8432921,6594407.883137598,1580.4172495678313,576.1387297755639
06067004501,1,0.43893789106572756,0.02884299286023226,0.43893789106572756,0.0399681665003299,0.7786460260518753,0.9268,254018600.0,111498388.57546863,7326656.666166194,1673.6701786336191,497.3166305774693
06095252402,1,0.42466970103392376,0.05087137274600951,0.42466970103392376,0.083240769803524,0.6506977204405391,0.9392,619343400.0,263016376.51533386,31506848.959180865,2436.7547445326545,746.569334417638
06067004100,1,0.4230756364778431,0.02554579747625925,0.4230756364778431,0.0392857678234577,0.8087758418870474,0.804,465702600.0,197027423.90438637,11896744.30376737,2169.1087882219012,728.113170378368
06099003400,20,0.4176638128484054,0.07653290068358577,0.46301109427793424,0.36512303501367566,0.27440765113855836,0.7639,195909000.0,1636481998.226365,299869680.80041206,13281.709248579291,6665.91445306055
06065041500,1,0.41759988304101425,0.05431344354598012,0.41759988304101425,0.0952280908823013,0.6128194586662119,0.9307,259750100.0,108471611.37989175,14107922.39241269,1429.8619995324327,520.7470541521448
06007002900,1,0.41260357524913827,0.04521594770470709,0.41260357524913827,0.0785901397466659,0.6817616845860178,0.8439,177145800.0,73090990.42036879,8009815.228908502,1213.0545112324664,418.3800253026262
06029002302,1,0.41021889083128493,0.010960951461269861,0.41021889083128493,0.016480853781104,0.7439282131357764,0.894,101602800.0,41679387.92135288,1113663.3591291094,1753.6857583037431,411.0393286129475
06073018615,1,0.4083661906649615,0.013590140752178282,0.4083661906649615,0.0216582510620355,0.8063235504464793,0.7782,313023500.0,127828214.28361358,4254033.423739479,1365.5765415836313,360.587346357161
06029004703,2,0.3943172717257163,0.030977880792521426,0.4027828166051528,0.05671540275216095,0.6987319011654527,0.7817,157279200.0,124035810.08640656,9744352.617486272,4043.329304275495,671.9166310206206
06085503126,1,0.38179522320424963,0.026436193614168196,0.38179522320424963,0.0599470809102058,0.8096056091638225,0.5447,682957600.0,260749949.33103865,18054799.343867637,1306.121458581738,516.950732218554
06067003800,1,0.3796099573381857,0.020710297469006506,0.3796099573381857,0.0407254360616207,0.7382907976912513,0.6888,487342400.0,185000027.67308903,10093006.073259557,2162.6379269556437,663.5582054271486
06065040101,1,0.3786709696042756,0.04049138344621584,0.3786709696042756,0.0878296867012977,0.6206537541787558,0.7428,304370100.0,115256120.88555032,12324366.42866306,1460.1552587940866,334.3664661605753
06107001502,3,0.3767849912104179,0.010236625540440263,0.37706178143017827,0.018278429284691766,0.6584859218935732,0.8504999999999999,425366500.0,480815138.89111865,13062952.733843049,6437.371574829989,2277.665271866976
06077003700,3,0.3739880385391386,0.030759002400226543,0.3742549733891266,0.0634055783351262,0.5257508312385849,0.9228,311245200.0,349205945.55816567,28720775.56157697,3564.4799953165298,1393.4794315968302
06099003300,20,0.3731082684420798,0.06346129087336294,0.4665362595875906,0.2510308152996003,0.37210953597426555,0.6798,801860800.0,5983617892.391618,1017742429.3749502,47407.13658825066,14745.238768830994
06101050701,3,0.3721286718349835,0.036311194203576945,0.3727491288783203,0.07911143948634464,0.5895098403060374,0.7786,293398600.0,327546094.0087308,31960960.630972773,5144.306759446813,1542.8454734278419
06077005502,5,0.3720664214916252,0.04779599367753235,0.3795841764568526,0.39973332881927487,0.338532523606626,0.3532,410614500.0,763879338.1378648,98128640.22951554,3783.9155065698287,1114.3389323674176
06071002207,1,0.3704115123352396,0.026550848107440003,0.3704115123352396,0.0569381527602672,0.6878747865170202,0.6779,510563700.0,189118672.26047558,13555899.247872565,2161.351174476123,369.3002777982339
06077005140,1,0.36858161707828674,0.01815844675405992,0.36858161707828674,0.0387412719428539,0.7441032703561992,0.6299,487250400.0,179591540.35404205,8847710.444294399,1490.1754778475133,500.5338359923134
06047002002,1,0.36856249972754584,0.05742909561511612,0.36856249972754584,0.1736552119255066,0.4731829792159753,0.6989,827925000.0,305142107.58692837,47546983.987145014,2776.7498729473305,1050.4031242235058
06065040618,2,0.365027174918388,0.032128859045912714,0.3663225611731754,0.0761591158807277,0.6701587232600804,0.6295,1234209900.0,901040306.1066122,79307511.82034007,6610.642137772006,1695.9162546708305
06065041904,1,0.36482670933735983,0.027464440479525645,0.36482670933735983,0.0950081795454025,0.8238087318821953,0.3509,655956100.0,239310305.43276814,18015467.265631773,2009.465515030178,555.631078320799
06113011500,9,0.36340383244880203,0.05844002870636701,0.4228865978509673,0.24504416787789923,0.3552724950328413,0.6715,817621900.0,2674142387.5866404,430036625.76258904,20281.204485135193,7401.445855484751
06033001302,11,0.3633880211711738,0.05797673909415897,0.3854531041267317,0.20931909978389737,0.39529490426408387,0.7007,604765600.0,2417410321.220374,385685711.4475476,14178.310422035689,7642.776861272128
06019006802,2,0.3627513710148898,0.014651531794353141,0.36356178590165156,0.02922328468412155,0.5306657622427634,0.9447,283894000.0,205965875.44580227,8318963.934452182,2241.803472872019,885.1133452763311
06055201800,9,0.36205267726366114,0.05504436269094833,0.393876094921489,0.30429138077629936,0.3074899562517047,0.5883,435600000.0,1419391315.944457,215795919.49359384,5972.783016818617,3440.948644713835
06045010100,60,0.3605295201422634,0.049353344641428376,0.402003957736554,0.2106542397290468,0.26827466759246665,0.8736,386832600.0,8367874299.203048,1145488957.5803885,62688.87296233676,29981.634895030624
06045011300,1,0.36014421198412194,0.03988604058812172,0.36014421198412194,0.1027238667011261,0.4372075954451963,0.8881,857229000.0,308726062.6949369,34191470.687314995,2124.4907064943354,853.541782402369
06019001600,6,0.35810796423200175,0.013433661528977993,0.36064950083447245,0.02724863557765875,0.5432121548105746,0.9076,504906800.0,1084866877.6493669,40696482.32927631,10689.522732325253,3891.201139344931
06055201700,5,0.35784735513341187,0.05010091202083161,0.36710245026971794,0.28304945826530453,0.4700087533358655,0.3766,1620656100.0,2899737494.829151,405981743.41062033,9293.295812814707,3794.9712011898328
06029004607,1,0.3569743816461023,0.028145828572285595,0.3569743816461023,0.0662985891103744,0.6306169569697171,0.6732,270043200.0,96398504.33773473,7600589.614311433,2255.007168858428,488.34095409186796
06101050702,10,0.35450638123072864,0.03018116760396483,0.3631002106672183,0.07151923999190327,0.50035587078259,0.8431999999999998,539119600.0,1911213384.4655793,162712590.06182477,22759.309675012777,7075.947369365344
06019004100,1,0.35150778941005323,0.02075728359536098,0.35150778941005323,0.0471592918038368,0.4738938116937828,0.9288,328627600.0,115515161.21513121,6821416.290462851,1177.1995867342682,338.85350899129133
06103001000,9,0.35148789537548586,0.03594901525535412,0.36128124378725557,0.0930178072303533,0.477929972534364,0.808,527921700.0,1670022785.3044376,170804387.22239232,22396.80869332596,8095.117718392815
06065040603,1,0.3498205911877076,0.02235307360292319,0.3498205911877076,0.0585939288139343,0.7104120892691348,0.537,229819100.0,80395453.42822689,5137163.257657565,965.504831678073,201.84648111530728
06059021822,1,0.3461978294105509,0.028148600499499996,0.3461978294105509,0.1385646313428878,0.74005171246369,0.2745,3283869600.0,1136868527.5872939,92436333.46285285,3512.523177199449,1125.8353412431115
06065041004,1,0.3454505443608114,0.022961123291220065,0.3454505443608114,0.0590865574777126,0.6612242187398504,0.5877,499266900.0,172472022.3863348,11463728.84612524,1466.0921102672837,470.84909196378595
06085512602,2,0.3439141251226457,0.046752086929856176,0.34513867596864695,0.16515971720218653,0.4671808884051747,0.6059,893277200.0,614421293.4600132,83525146.61371705,1854.3849626613055,603.9132037153659
06081600300,1,0.34202861172819166,0.011429693415872126,0.34202861172819166,0.0668068379163742,0.9023506425666818,0.1896,1210848700.0,414144899.87388563,13839629.414007323,1406.4216514263242,469.6052839028071
06107001602,4,0.3416646291324395,0.011746728839456868,0.34694638546520995,0.026096827350556826,0.5469207181905369,0.8227,331140600.0,452556121.158774,15559275.343740204,8153.484709616536,2353.3859654642433
06029006201,2,0.3406721446276722,0.012200932158755652,0.34232447504806063,0.02829417865723365,0.4508168509968512,0.9564,241070500.0,164252008.4829305,5882569.6319546085,1737.4279376011282,563.4717272141697
06099003100,1,0.33872366476376115,0.02473213976107682,0.33872366476376115,0.0641051977872848,0.4475702195670626,0.862,517439000.0,175268834.37169582,12797373.665831828,1415.187471382994,466.76121004446287
06053011101,7,0.33772229980516005,0.04456869837619489,0.36660325509495617,0.26311372646263664,0.2708847885794724,0.6245,123777200.0,292616244.5321028,38616120.84854966,1465.7147811543946,747.041727169014
06019001700,2,0.33698493851887157,0.012587930091481344,0.3382068586788208,0.029057297855615602,0.535120965303546,0.8096,609190200.0,410575844.1865982,15336887.300031075,4391.587718777935,1346.5918143214108
06111005304,3,0.3365443338023176,0.007521700261963217,0.34364381275103967,0.0229830717047055,0.816309326499883,0.4008,1481904000.0,1496179183.316969,33439313.11501301,5757.937007023852,3041.014600237742
06029004606,4,0.33638198488015486,0.012443589751783838,0.3376567471518265,0.028950714971870125,0.5004887579807326,0.8588,117838600.0,158555128.65399444,5865340.78129822,5733.294550297359,858.4468254141552
06065043809,8,0.3349556022846735,0.027260106213027997,0.34187860447364,0.08360916003584858,0.6345034075558308,0.514,660425700.0,1769706304.862217,144026197.8225069,14188.71931277877,5924.694693211305
06045011400,1,0.33370851529791246,0.026847837529520396,0.33370851529791246,0.0985183417797088,0.6816311480268601,0.3998,743274000.0,248036862.9995406,19955299.591916744,1586.116573210978,578.9842740418782
06019007801,3,0.3335930133557994,0.0224805794716116,0.3336768452091604,0.06467708945274346,0.3593815620980922,0.9672,131963400.0,132066204.7760301,8899841.10313221,3179.475010294124,878.6839971791755
06103000300,172,0.3331434269096729,0.0427545178025802,0.3824171715723367,0.2303474405672141,0.27183235542021955,0.6821,719733600.0,41241217090.15815,5292760438.462204,276303.8279840522,131676.93834660968
06065043824,3,0.33181548183654436,0.028325533285454844,0.33262745444774167,0.08591135839621222,0.590866008794794,0.558,505577400.0,503275225.7600019,42962248.41622116,5334.597501486123,2068.5377137690175
06099000205,1,0.33142523944558094,0.010836037696287635,0.33142523944558094,0.0291207153350114,0.7036829392602508,0.5288,531595600.0,176184199.01821727,5760389.960780643,1641.880636213408,548.1773460429908
06107004500,3,0.33112120841579123,0.011067847630708888,0.3345894655274553,0.0279973329355319,0.4030084731600843,0.9811,379310400.0,376793154.03803146,12594449.135829724,6263.157657184692,1974.8068869917788
06059021824,1,0.3304289387062323,0.003232956175489882,0.3304289387062323,0.1377349495887756,0.8535382130394816,0.0275,814844600.0,269248236.3885044,2634356.8816345828,869.0281087973909,285.1601741034785
06101050504,6,0.3293204852326454,0.01243889440817983,0.3380108017384198,0.03214578765134014,0.641958638023251,0.6033,745393500.0,1472840094.655559,55631226.23426155,16103.77172787636,4609.82815228657
06007002402,7,0.32774270205827644,0.04299802038750628,0.3321431261000514,0.2048813892262322,0.34234002481720094,0.6130000000000001,516636400.0,1185266668.0236235,155500397.22089496,7059.250059633215,4833.877112657518
06053011002,2,0.32747813245027274,0.03282341800516875,0.32796815075848434,0.3279999643564224,0.35919383424020523,0.2786,1322675200.0,866294408.668582,86829441.94934036,1465.1371645825202,806.906118357472
06007003400,5,0.3268095763010986,0.017092987924637766,0.3484878798290137,0.04383093938231466,0.5642470220331374,0.6781,367032000.0,599747862.0447241,31368367.719778243,5858.0616551971925,2009.8788942517563
06077003602,2,0.32589966028540196,0.009994698631544422,0.326942652029703,0.02441304270178075,0.5435104631150387,0.7532,561250000.0,365822368.6703637,11219049.213908615,2651.5196360820305,814.749150713505
06065044104,6,0.3251668262545368,0.030495254893017926,0.32698382779619367,0.09660205245018001,0.5112193334314894,0.6175,281005200.0,548241414.2701283,51415951.20158088,5611.078753848287,1896.3729307164588
06105000500,63,0.32484823922075695,0.03697374234086427,0.3434827433309898,0.18299255188968444,0.26030654425304905,0.7763,698640600.0,14297986631.76239,1627375524.5958095,80347.31379238359,56873.45517805246
06031000500,1,0.3236720175030279,0.02019992611968934,0.3236720175030279,0.0574401803314685,0.5765064244576454,0.61,338908800.0,109695295.04553017,6845932.72131257,1762.0704632864838,531.4694527399718
06033000703,1,0.3236666350327,0.014990446807098228,0.3236666350327,0.0390113182365894,0.5354032530480176,0.7177,119892500.0,38805202.04065798,1797242.1438200243,629.5316051386014,351.17829901047946
06037920102,8,0.32249960007619555,0.038006355867682765,0.33841738912741937,0.15302166249603028,0.3602958960939347,0.6895,707459700.0,1825243762.5602024,215103720.96195272,12092.44500445703,4465.974461855156
06065044524,4,0.3220657271037964,0.015404565809877646,0.32686726436071445,0.042140453122556175,0.41338500180839427,0.8849,221796900.0,285732719.4714721,13666739.769907406,2442.546474355192,1490.5201850363696
06065044904,3,0.3218948037683747,0.013199174254226724,0.32239808550287086,0.035238228738307904,0.5935189646640692,0.6311,761848200.0,735704930.5208685,30167301.441206917,5621.2489582071275,2242.3192030504983
06007003502,2,0.3217615457228268,0.015714638112409952,0.3227739142230595,0.04197322204709045,0.4601164489976054,0.8137,342698100.0,220534140.74455175,10770753.246620955,2698.2923224316255,1086.910501451709
06107004200,2,0.32167224377501513,0.010830409160258033,0.3217186241084929,0.0292399721220135,0.3894408590466947,0.9511,285038100.0,183377690.37673432,6174158.4985250905,4247.3603068053,1250.018339309709
06025940000,2,0.3215609879209143,0.013972244595652075,0.3216383770635393,0.038712074980139705,0.38934983476948154,0.927,57551000.0,37012312.83167308,1608233.297448745,1096.5229688103177,749.2371018557303
06007001200,2,0.3215224445362649,0.009053935561245017,0.3215590202201124,0.02512309141457075,0.6727363294299316,0.5357,482449800.0,310236878.12406415,8736138.801471092,2594.043082518585,1048.8062140772959
06037911001,2,0.32110145512772176,0.03249287371304178,0.3220447946339616,0.11423177644610405,0.3771518896822325,0.7542,458482500.0,294438795.8011914,29794827.94427935,2387.710420329739,1139.910165703412
06039000514,3,0.3206297451570088,0.011926222665876085,0.32238216073086695,0.03083473195632293,0.4785745972628244,0.8081999999999999,488904700.0,470272168.1011915,17492358.943780042,7402.69955618502,1990.1488281895536
06087120400,2,0.31954733743443275,0.01412664110998198,0.32871008827461984,0.2290579006075859,0.6167279571021327,0.1,1347374000.0,861099548.4567628,38067737.877841726,3221.676256013951,1404.7300953617664
06019007802,3,0.31924253032505834,0.009110399125435372,0.3202560298265437,0.02565072725216543,0.35572388899658547,0.9985,247125000.0,236678430.91974014,6754222.151619649,4640.190178274723,1262.2849649052807
06077005119,2,0.31905150704869706,0.02324175967187026,0.32069574736842593,0.07851068302989,0.6081205517791736,0.4868,962752700.0,614335399.7004043,44752133.75368842,5665.716662170762,1436.3698847332341
06019007500,1,0.31760755572584004,0.012664231113839032,0.31760755572584004,0.0336152017116546,0.48813318290004243,0.7718,302804100.0,96172870.06476285,3834781.1046180255,1673.4742111194512,484.98673759335776
06107000302,3,0.31734592956044594,0.011496478894148962,0.3174477272702337,0.031197730451822236,0.41775688111511594,0.8821,167786000.0,159738612.41168696,5786844.623201033,2917.9958223083004,818.7524982659505
06105000101,1,0.31685505173643225,0.03758078874583332,0.31685505173643225,0.2006305754184723,0.2875992134239868,0.6513,560500200.0,177597319.86928064,21064039.608197328,841.567017411964,630.2246979037637
06107004301,18,0.316530373180042,0.01192820300109783,0.3228067719190125,0.03366828554620341,0.3837207680231343,0.9229,120579400.0,687006764.63686,25889320.09711036,17383.21503430155,5321.508633902867
06087120301,2,0.3156483492929435,0.021811782281535352,0.3272938280438487,0.22386222332715988,0.5638574587645452,0.1728,1358342300.0,857517009.5395604,59255733.02279996,2838.3099568421476,1216.508738175004
06093001300,7,0.3155288237295066,0.034878009624878935,0.34378109068003276,0.21203268638678957,0.23817493512037272,0.6903,274643600.0,606605804.3698598,67053154.86947981,5720.537574215955,3726.079879421743
06097152702,1,0.3154233280282124,0.014374489639744506,0.3154233280282124,0.0435860604047775,0.6295009927527453,0.5239,1224389500.0,386201010.89279896,17599974.182761956,1575.2241001728926,547.2594741289485
06019001800,1,0.3153026218841769,0.012471598044322596,0.3153026218841769,0.0338407382369041,0.5375408425524162,0.6856,333444600.0,105135956.63312061,4158587.0212499304,1492.3273093778093,459.71122270712993
06087120200,4,0.3146565768519571,0.03557459406134486,0.3246240221584049,0.22678829357028005,0.4245414335560569,0.3695,1529137200.0,1924612307.5559459,217593740.61640605,5827.439803298245,2207.630543193331
06019006900,4,0.3144780432434532,0.011340159230768893,0.31915498762439276,0.030363390687853077,0.504321159665089,0.74,310040300.0,390003467.48245287,14063625.479821425,4086.956649991918,1221.4327199575723
06019007600,19,0.3133773802895251,0.01194533970033088,0.31513738760455745,0.034611015727645425,0.3776395747523413,0.9139,350002800.0,2083976250.6019735,79437144.49927239,25370.719330859665,7692.787931347262
06097154000,1,0.31284532694655115,0.031242126775523637,0.31284532694655115,0.2558704614639282,0.4247003207152902,0.2875,2481152400.0,776216933.78222,77516477.83019473,764.2811337304245,470.2065264006664
06019007204,4,0.31258826323775796,0.010493288312667153,0.31346351476104184,0.029739051125943602,0.6009957922492871,0.5871,675768000.0,844948581.8866129,28364113.825897824,8006.010598045456,2854.5560198872054
06025011100,1,0.3098283328533077,0.012021913563986028,0.3098283328533077,0.0344856604933738,0.4142183420220692,0.8416,239312600.0,74145823.88879049,2876995.391972763,1318.9392129565308,417.95842101911205
06059021825,1,0.30876340178696426,0.015782071720358594,0.30876340178696426,0.1325381100177765,0.6939144892602532,0.1716,1199044000.0,370220904.3322488,18923398.40386565,994.8356805575988,367.42844812648747
06019007700,3,0.3081008831476943,0.013107399652790286,0.30823195062085557,0.03804911548892653,0.4321210846774366,0.7972,293890800.0,271644045.08694714,11556432.509634778,4664.031169089796,1526.9479768799729
06019006301,1,0.30791747571691075,0.008516689911549701,0.30791747571691075,0.0235340818762779,0.542234782595906,0.6674,522120500.0,160770026.38005129,4446738.394963286,1727.4170387718693,495.4392184285094
06103001101,14,0.30693837028033416,0.014789330034566358,0.3087959669257467,0.04582280599113016,0.378756557615897,0.852,168465800.0,723920653.399618,34880948.420321494,8044.240808306998,2969.3217940919526
06047002100,2,0.306907277616769,0.03177405704049514,0.3072499808366976,0.14829064905643458,0.3004731769618391,0.7131,533619200.0,327543231.91207635,33910493.79740678,2586.614535754129,923.1770910712412
06099002802,2,0.30633654887650186,0.013415731927071045,0.30946981069503615,0.0396475931629538,0.5233091743167497,0.6476,660556600.0,404705258.3631918,17723700.536514997,4318.732666060923,1422.0142598847217
06019008200,4,0.3060352382691844,0.012637336242801556,0.3104811744517736,0.04032098222523922,0.3420491571885492,0.9163,341088000.0,417539789.40303826,17241774.977538787,8018.123242652631,2154.488077415058
06063000300,7,0.30590170108049214,0.03486601439505742,0.3293725035082444,0.20778424399239673,0.2985652636143123,0.5622,639088500.0,1368487815.0368605,155977281.88500956,9601.642593514485,6391.8160440768825
06065043813,13,0.30577423204954235,0.02471219627226527,0.3141154281079939,0.08712660922453949,0.395969758124242,0.7171000000000001,415140000.0,1650208491.0096111,133367275.08608666,17931.518290081312,7433.371581124375
06077004001,3,0.30544331660201984,0.013146140613770658,0.3056314710208827,0.04174710561831787,0.35176587930953646,0.8952,199791900.0,183075301.69865727,7879477.232677218,1949.9501331872948,766.9681679876719
06029006202,9,0.30372757755503765,0.009533630731246455,0.307142543794157,0.027859694220953468,0.4123257681485362,0.8305,396566300.0,1084033094.7506788,34026449.98191031,23541.317081135858,5311.284148704943
06047000904,1,0.3028988562931307,0.00664284603095017,0.3028988562931307,0.0225641708821058,0.6859225695069259,0.4292,404757300.0,122600523.24629559,2688740.4238031073,1499.349338650997,448.59320617012656
06019007300,5,0.302861846286963,0.009021322892911285,0.30341039188165686,0.025939923524856523,0.4433729484151157,0.7844,506087400.0,766372821.7328438,22827889.237169754,6628.131505990185,2159.404964026046
06065045612,2,0.30257623114489773,0.01015866161261114,0.3142948010847686,0.02974101621657605,0.44415241012203244,0.7723,176605000.0,106872950.60268933,3588140.8681903807,2047.230779926378,865.3680210744075
06007001900,1,0.30132661405218,0.011479226288133092,0.30132661405218,0.0395735651254653,0.6329327716314911,0.4583,352219700.0,106133169.60347462,4043209.639438351,623.7460910880126,352.2508118269984
06107001400,2,0.2989802507604415,0.02536696778924174,0.2990263044265403,0.10013327375054355,0.47157871295056564,0.5372,511657200.0,305950795.91877073,25958383.42306724,2805.032712634462,1115.7942958379676
06097154304,4,0.29783024965966215,0.0291789040978228,0.31139637076529886,0.26712837815284723,0.3200202019441284,0.3413,1053099600.0,1254579667.1379614,122913168.93542221,2772.2039638321353,2111.020809587685
06071010420,1,0.29708972376824005,0.01065761384371101,0.29708972376824005,0.0324397459626197,0.4785661692897674,0.6865,316656000.0,94075243.56955582,3374797.369294154,1205.8871887752864,653.3003025663598
06011000200,1,0.29617335412772827,0.010991462106792211,0.29617335412772827,0.034008651971817,0.4332967604727325,0.7459,545692500.0,161619578.04734537,5997958.435710709,1455.3958621836566,584.9423744022633
06065040806,1,0.29615615236542886,0.009157477085202176,0.29615615236542886,0.0944800078868866,0.7427204947399518,0.1305,516310200.0,152908442.25902504,4728098.825356153,865.0721210594177,278.979095528234
06099003611,1,0.29546226642747525,0.0038272617253572666,0.29546226642747525,0.0268915724009275,0.8250549340900385,0.1725,451490400.0,133398376.85424738,1727971.9272862424,1258.964717247472,388.2374180857025
06019001413,1,0.2946776727086675,0.005027105901124315,0.2946776727086675,0.0183997936546802,0.6861259196044247,0.3982,547103300.0,161219127.17523193,2750346.2279545865,2025.0249668539632,551.9312809833342
06047000401,1,0.2944836459031672,0.008942660780292532,0.2944836459031672,0.0274093430489301,0.4294632479290073,0.7597,219187800.0,64547222.48149424,1960122.1425786035,472.94073532048657,195.24265723379986
06021010501,4,0.29417939243300356,0.011251294347122106,0.2984092831662374,0.03547001257538793,0.4325479538176987,0.7334,358369500.0,421699687.1060771,16128482.9181239,4469.1733298421905,1625.0469637999117
06077003900,1,0.29335997364336774,0.010702269045624371,0.29335997364336774,0.0377108789980411,0.3156817804811572,0.899,318812400.0,93526797.26117882,3412016.079881215,497.83187527279506,208.57894126043448
06033000100,34,0.29292928811515007,0.030646441346113627,0.3467219155727099,0.17939915294375486,0.30836570547757564,0.5536,575335200.0,5730106039.161975,599487199.6792548,34031.93883464191,16214.221955749788
06019008304,15,0.2927164370044834,0.007573373894147916,0.29400219463641775,0.027422262107332507,0.2856843531693903,0.9665,167221200.0,734225907.8342117,18996430.059421312,17887.901465343977,4360.01132918178
06029005203,2,0.2920116539689601,0.029543283375677066,0.3206305886045084,0.15523507818579665,0.32898038292020604,0.5785,451451000.0,263657906.39188206,26674689.646465573,2656.7220278095992,1556.4221156545575
06107002500,6,0.2912353067915606,0.010860541357475278,0.3003604969811765,0.03479017814000444,0.44460072573852805,0.7023,288716300.0,504506281.2373455,18813691.900363438,6372.810983212929,2283.8672758594184
06019003900,19,0.28946832351595786,0.011068105716439963,0.293547985106968,0.036930500382655496,0.38741024441543376,0.7739,551109000.0,3031043367.786565,115894920.79234871,33730.875334344026,9294.827868097407
06047001902,13,0.2888118285969729,0.007735483639107679,0.30263359234508874,0.02531057323973907,0.35845513992367795,0.8431,133250400.0,500295791.908615,13399831.7583592,8151.136238492367,2988.6248023214757
06037430301,1,0.288242527364546,0.008334307744320747,0.288242527364546,0.1738061755895614,0.619531465232551,0.0774,1569222900.0,452316774.69432217,13078386.568035461,1344.651390155607,502.4067251964036
06113011301,2,0.28633187968000706,0.028273455857617598,0.3444672586943818,0.18417833931744096,0.3721423667376219,0.413,681506100.0,390273845.25278175,38537065.270094246,1228.3637638272303,459.84899876609137
06055201200,3,0.2861881876411242,0.010943547823372904,0.2890504240905934,0.039451246460278803,0.5552085480366159,0.4995,1254090400.0,1076717576.1423974,41172594.801698565,4127.119853972652,1883.6906510538795
06077004600,1,0.28616177108921553,0.017459609476564008,0.28616177108921553,0.067966029047966,0.4937291885507751,0.5203,1204573600.0,344702914.78331226,21031384.641778823,1821.4196729828568,598.6504251186389
06013304002,1,0.28611084692531163,0.009373158919917374,0.28611084692531163,0.0306868199259042,0.446558123207865,0.684,427700000.0,122369609.22995579,4008900.070048661,620.8605378279262,174.8137274713654
06093000100,56,0.2856385667857492,0.019628490629524344,0.30469418532582365,0.09818361796039551,0.24542252601850487,0.8145999999999999,51742400.0,827658998.7710773,56875011.958749615,17547.348434782147,9341.523688161144
06111002905,2,0.2852384930495334,0.004510094772655442,0.2853482348559797,0.01636361330747595,0.6334556213193181,0.4351,995171600.0,567722495.019386,8976636.462110305,3073.7300011017714,939.0051191190639
06053014110,4,0.2850031873439348,0.0015645091251095136,0.28850031683731553,0.21385299414396283,0.5852556342398445,0.0125,1817077400.0,2071491402.6025198,11371336.693321079,7421.482998436062,2615.189247067946
06039000201,1,0.28432839127368514,0.006707314593436076,0.28432839127368514,0.0215136054903268,0.4627052950950725,0.6738,108942400.0,30975417.333494317,730710.9493639504,2413.663713522313,141.31121046302152
06093000701,2,0.28385509391549973,0.027724321209226757,0.28419196636114286,0.20543830841779706,0.33611979902200395,0.4015,513663400.0,291611945.2959098,28481938.190047055,2109.043347792163,1063.8888919952929
06073021101,2,0.2831636797499266,0.01605126216651631,0.28357162330531893,0.061534006148576695,0.3653889222521277,0.7139,602289600.0,341093078.8222228,19335016.539532483,3140.851535786186,1096.4097679917159
06069000100,1,0.28299868157340247,0.018690647997350037,0.28299868157340247,0.0742054209113121,0.4035199037258213,0.6242,1428043000.0,404134286.2301264,26691049.03807974,1393.2025093858604,461.287850964646
06065040609,2,0.2826760599632703,0.007520744093560393,0.2828091517657448,0.10269100964069361,0.7015018504764117,0.1044,2448800100.0,1384434327.8113246,36833597.776770204,9253.118146837689,2274.4115784644728
06085512308,1,0.28198952677855826,0.006984909731415952,0.28198952677855826,0.0392934866249561,0.7068092782202673,0.2515,2663760000.0,751152421.8516524,18606123.146156557,2442.311291429093,744.4523506953938
06073021302,5,0.28132889043459774,0.015301229344035144,0.3163348031510839,0.05767028685659166,0.41437915668767317,0.6409,764212800.0,1074975695.399586,58466976.6022363,11331.9277067056,2029.787944485623
06033000300,5,0.2812585544428092,0.0063750293795589216,0.28198130332918286,0.02100351825356478,0.48725598438675616,0.6229,656017500.0,922552668.6959281,20910654.180023976,5753.143731127663,2425.8550320692298
06103000800,2,0.2804981626317281,0.007358970956489348,0.28054424150890794,0.02458201628178355,0.46262384830278774,0.6471,427868600.0,240032712.29561964,6297345.201187517,2438.0900295949805,1159.0184079943006
06071010700,1,0.28019852694846425,0.008431178766070042,0.28019852694846425,0.0286233071237802,0.4406229112885805,0.6685,217125000.0,60838105.1636853,1830619.689582958,1104.2623947038976,525.3722380283705
06065044521,2,0.27996996324415835,0.010208774568956457,0.2800792020967947,0.03725487925112245,0.351675078728657,0.7792,94888800.0,53132027.696564585,1937396.736637591,776.0767381128069,320.84557787780545
06071010419,2,0.2786901131255383,0.008799249047706533,0.2791228122202242,0.0318087767809629,0.5240190824501896,0.5279,442315500.0,246537913.4643581,7784088.484321678,2623.588724963818,1358.3356113738737
06099000501,3,0.27816577967845757,0.009125051247160178,0.2788122839160047,0.03899389505386347,0.6038961071717527,0.3875,916101300.0,764484097.1368456,25078413.930270184,6669.302733570698,2105.4367863862453
06059052437,4,0.2774244261530988,0.013483231348962389,0.2797424779757839,0.09774249419569965,0.6114439301841632,0.2256,1977469000.0,2194392810.2421684,106650688.04960522,4731.751012467253,1875.3891207949478
06007001500,6,0.27601075114719253,0.02328131773236646,0.30905827616194614,0.16985210838417208,0.4186823231836882,0.3274,1080821000.0,1789909296.3939586,150977622.6768843,10057.2797503014,3419.773206713715
06055201500,9,0.275842947065814,0.01779447149527021,0.33466505071257346,0.07707925471994607,0.44694439901947003,0.5161,2348001174.0,5829116071.951362,376032959.6544359,4714.431808301828,2914.556578697391
06087122401,1,0.2743638574211539,0.01683047666453144,0.2743638574211539,0.0774432867765426,0.4894740467762753,0.444,846233600.0,232175914.77538976,14242514.857542433,713.6203931524212,280.94858999926157
06011000302,1,0.2740512877618779,0.018241478741752654,0.2740512877618779,0.0872591659426689,0.29393901596847816,0.7112,235950000.0,64662401.3474151,4304076.909116539,672.5218601676485,205.53846582140844
06107000303,5,0.2738532272735282,0.008090339116694236,0.2752631578478459,0.029581823945045445,0.4956077176700181,0.5519,468802400.0,641915250.9678773,18963851.973600686,5251.135632969903,1747.1835900051096
06059052430,11,0.27367247979217635,0.007655932725813588,0.3136048561910678,0.07724647156216878,0.6879641467036397,0.1433,4820214000.0,14510759103.59862,405935575.18827295,45520.21723631248,16542.133041038098
06111005602,1,0.2734508165858508,0.006492209926923024,0.2734508165858508,0.0235075000673532,0.5143902218405806,0.5369,1021010600.0,279196182.31280947,6628615.152813633,1571.2483921022988,528.5804284604496
06081613800,4,0.27274287785750606,0.018843355015797897,0.28161987822618384,0.2223480232059955,0.3958295541816943,0.2141,2016109400.0,2199517919.326279,151961060.69954914,4736.998302629165,2370.6810943374426
06091010000,14,0.27230588425137886,0.024525757911509006,0.3132616374591435,0.18154254475874557,0.26471537290668673,0.5106,536107800.0,2043794319.462859,184078301.64180362,11047.994335846943,8909.303920936612
06029005206,18,0.27227776476749493,0.024567213812271234,0.28741540183185654,0.16653343207306326,0.28517016243654436,0.5173,154216000.0,755812579.884912,68195834.01491797,12159.380418986788,7253.479653406065
06113011400,4,0.2721105889864382,0.009248404126204994,0.28128432592523595,0.03519458603113885,0.3552443199028959,0.7397,540651600.0,588468101.2498407,20000657.95311733,4535.539297225952,1826.4062732769733
06107003402,1,0.27012333193402316,0.0055938972999897505,0.27012333193402316,0.0198315642774105,0.43922516598439304,0.6422,196104400.0,52972373.93492245,1096987.87367611,592.1103435993788,281.46851187525215
06077005214,1,0.26999613614999673,0.016523258917915742,0.26999613614999673,0.0924714505672454,0.5142013695545802,0.3475,890254400.0,240365248.19053367,14709903.954013728,1332.160935764084,436.3137560183947
06107000902,1,0.26938551673733147,0.009188506349194917,0.26938551673733147,0.0348168946802616,0.4406568979906688,0.5989,292454000.0,78782871.91189954,2687215.43584745,974.6367995556652,239.753109896225
06111000303,6,0.26887889953714644,0.0053426633984792445,0.26935158951672833,0.021731073657671563,0.574977875694369,0.4276,676478300.0,1091344445.1885576,21685175.119652774,8306.744722300602,2408.617182053758
06111009700,5,0.26595175754266764,0.014836117649087335,0.2820789758623046,0.07449100911617274,0.2673541766152708,0.7425,469964000.0,624938758.9089112,34862205.9741784,4191.399698872442,1609.0081331331392
06039000513,5,0.2655301779799438,0.0070696184472241064,0.2668078496513968,0.026821544021367983,0.44933135323086615,0.5866,513648000.0,681945224.295211,18156476.88089884,5009.226807591641,1741.8779675484316
06039000203,1,0.26540533332895333,0.0064875935084029125,0.26540533332895333,0.0248184259980916,0.3622537344330251,0.7216,199899600.0,53054419.97032444,1296867.3472923387,367.05557599394245,126.86374933123969
06055201900,19,0.26523195271016553,0.015581772799944368,0.2920490743861303,0.222215650897277,0.3955470908717568,0.1773,817938500.0,4121925085.484651,242153705.55521864,8158.800097317402,3814.831175830311
06111001204,1,0.2648736119035605,0.010669181602031098,0.2648736119035605,0.0435680486261844,0.4349652919682278,0.563,382347000.0,101273630.89049065,4079329.5779917846,749.8571952989798,233.61852569894037
06071000121,5,0.2646651569327081,0.004170082904623106,0.26671429136717983,0.10800281465053554,0.6634124986914678,0.05820000000000001,2010865600.0,2661030297.972921,41927381.310273424,12382.359367096748,3754.2752510904643
06103000900,7,0.26461676830571024,0.006375344995090591,0.26484311083884493,0.024143307336739084,0.38741704879113553,0.6816000000000001,273267800.0,506178694.8260781,12195235.507345917,6447.91679330524,2937.775361729995
06077004905,2,0.26461564145832117,0.007080251880968812,0.26507673436267987,0.02731836494058365,0.46472152996009775,0.5577,737134900.0,390114848.8096308,10438201.524505515,1330.4874452524386,583.7421050570565
06019007903,51,0.2637205823184023,0.015856142314629864,0.26893663404781143,0.0807196068413117,0.28500259632582137,0.6893,213800000.0,2875556485.4833946,172892204.57026112,82204.8701556338,14377.782427416974
06023010102,45,0.2636460549590785,0.02243742421465619,0.28606988637192704,0.1758472730716069,0.26614139474425014,0.4794,479082900.0,5683874246.250962,483722381.75794697,28260.220631063625,18235.079391244664
06033000901,8,0.26359592131186993,0.008967223354089953,0.2669339198282175,0.04035422857850785,0.5339293567420534,0.4162,377128500.0,795276275.2837083,27054363.941543303,6667.922425505062,3616.5360403988557
06115040901,4,0.2633106278293126,0.007111340300839263,0.26669403259346947,0.027558147907257052,0.3865051795856134,0.6679,297924800.0,313787064.5356895,8474578.547437908,3530.468897935423,1331.2985343050043
06115040800,7,0.26290860160260116,0.013040430100084408,0.2934538672916562,0.0606442298740148,0.47082162221864593,0.4567,419010300.0,771129884.2106048,38248521.69855779,7990.84403710946,2755.019236193658
06013355112,1,0.26279513482427963,0.0099970585387197,0.26279513482427963,0.2071539461612701,0.46092720581214863,0.1047,3343377800.0,878623419.7195034,33423943.583655886,1486.3692825661255,577.6237063437666
06019006409,13,0.2616703966516201,0.02143525327345379,0.28320470815238225,0.15619486040220806,0.3512432215017202,0.391,1338298200.0,4552509270.81794,372927891.34129506,6024.4375421102495,12307.4054361123
06107000102,37,0.25982643049436704,0.015612035439461387,0.2745553153697375,0.08745762393683996,0.2566587284198234,0.6955,371813400.0,3574457095.6830482,214776267.17366543,22841.86115762079,13930.074418094498
06063000400,23,0.25711770667325334,0.020290768864287184,0.2724932208252332,0.14622387678726856,0.2677525609320637,0.5184,412452400.0,2439122749.5972257,192486455.26617202,13985.917654491617,9923.200771347541
06053011502,22,0.2557020869829676,0.01975985126889381,0.28670730509204173,0.13207397880879312,0.33008365859523686,0.4532,1515113600.0,8523189609.798098,658645226.6125219,10047.046401734762,5321.671834289522
06019005904,1,0.25535556937819825,0.004203912819912138,0.25535556937819825,0.0195603463798761,0.5649846539608675,0.3804,748720000.0,191189821.9048446,3147553.606524616,1635.0417107286034,500.49691598126856
06101051000,12,0.2553539978602258,0.010736856648088202,0.26559258235246613,0.04823703179135913,0.3955849398818207,0.5628,425457500.0,1303707282.535404,54816914.24824784,7859.796054137749,3085.697710142968
06071011500,24,0.2553498753175693,0.017725310082259103,0.26032671359603754,0.10239754058420654,0.32103701675155333,0.5392,460601000.0,2822745790.1075454,195943093.180767,14781.69358238345,9713.509257080335
06047002500,1,0.2545300748333268,0.0055067644629695125,0.2545300748333268,0.0230362322181463,0.3366398624141787,0.7101,473248000.0,120455848.85472223,2606065.268571396,596.3639653344846,234.16766884666066
06039000204,1,0.25395246269850263,0.004254324967831585,0.25395246269850263,0.0174198970198631,0.47394171396190377,0.5153,501760600.0,127423340.0550783,2134652.6484541567,1182.6566187869269,441.36938016999756
06029004500,1,0.25377139196581405,0.005355305240355993,0.25377139196581405,0.0261617507785558,0.2447683885884538,0.8363,142880400.0,36258957.9926323,765168.1548641605,683.9139013478689,234.23099478444638
06047000901,5,0.2535814684070393,0.007713234717270418,0.25820386350368196,0.03389026746153826,0.332587782254234,0.6843,595019100.0,754429085.5411749,22947609.897794988,4916.944672412493,1434.0032038418076
06111008502,1,0.2529183609742788,0.009834379416991822,0.2529183609742788,0.0615909993648529,0.5451428709728411,0.2929,968817600.0,245031759.47503442,9527719.864259416,846.2648358199368,345.9923178128134
06011000400,4,0.2524229092547665,0.006117896691554289,0.2526927453513084,0.0280060423538088,0.2865996269262069,0.7622,308432800.0,311422018.7423742,7547840.026747302,2374.794730268843,1233.8431804372985
06065047000,2,0.2522068641977071,0.007389100094421617,0.25457856874297835,0.0317624201998114,0.3968855136593379,0.5863,190205400.0,95942214.9749411,2810893.4781990033,876.6710599512298,487.2636616299701
06003010000,27,0.25188314160952535,0.017004731734963394,0.2589002933151234,0.11036076507082689,0.2588758635803732,0.5952,668265000.0,4544766565.947616,306819010.42736346,7882.179150386877,12200.71561328219
06101051100,12,0.25122799050624833,0.009213728605094566,0.2615433733686869,0.041918766840050574,0.35862869028741023,0.6134,442481500.0,1333964856.9742863,48922853.445301816,6997.201991580029,2987.6032631003054
06021010300,174,0.25104298449493107,0.018339874740154808,0.33476834992566645,0.13865630262285125,0.24611611061168476,0.5394,256059000.0,11185035908.621035,817119657.5795383,84436.2994909941,45210.331077692135
06039001100,6,0.2506874214832702,0.008840602359373994,0.2620314466092637,0.04026010787735377,0.3493245584819779,0.6288,909282400.0,1367673961.5367172,48231624.78466349,9942.263136026499,3554.246261789806
06097152601,2,0.2501168791205423,0.007269632879291672,0.25765823459086407,0.054214444011449744,0.5924988570493914,0.2263,2092868500.0,1046923475.2593814,30428771.31926769,3439.607321665698,1311.1126803498828
06043000301,5,0.2498751808337399,0.004917575276347368,0.25231701653224187,0.02067732326686378,0.4287883973343602,0.5545,627772600.0,784323959.7373354,15435595.08464153,4653.925243028406,2534.9837095582916
06011000500,1,0.249864787988629,0.007671325019705159,0.249864787988629,0.034012533724308,0.4041284037549166,0.5581,245974200.0,61460291.33367263,1886948.0346619608,658.1438515620488,295.34017940255944
06013304007,2,0.2494974769900504,0.0020319564140851443,0.24981447231137244,0.02265323325991625,0.7096362012003077,0.1264,920168100.0,459159238.7134568,3739482.9456630815,2847.2652074104553,767.9532341753752
06011000100,10,0.24922039058534073,0.008454204410565585,0.2511769141649984,0.03837886136025185,0.3701031996840493,0.595,588115000.0,1465702500.0909765,49720444.26919779,13799.333026710316,4610.577225828803
06071000122,5,0.24901346281814937,0.004382058993913705,0.2530564806565271,0.12463304251432414,0.5820564718699577,0.060399999999999995,830790800.0,1034390469.927303,18202871.486003812,5557.980490101095,1638.508585343423
06043000400,3,0.24868559108113264,0.013943794256260989,0.25354638735824275,0.08016685396432872,0.2775405469965609,0.6267,272083900.0,202990036.48547935,11381645.766123269,1307.0914667224333,828.869075073415
06061021327,3,0.24867941845699792,0.011012435152443155,0.2510032970822194,0.08165699491898216,0.5199030699916894,0.2594,759435000.0,566567562.4676707,25089686.069987,3035.6296611045736,1150.3909897820724
06027000800,60,0.24847826212160593,0.01635071147325808,0.27317258131994254,0.1283501794872184,0.2100772412599891,0.6064,326812500.0,4872348122.377041,320617013.60124934,46440.58719052815,30935.54363413994
06047000303,1,0.24846488696361474,0.005147036391131377,0.24846488696361474,0.0221885237842798,0.4388354169049161,0.5286,462333600.0,114873665.66348107,2379647.8640427776,655.6988366969792,203.24427753623686
06065044405,2,0.2483590759927781,0.01681244389352108,0.24873487547632234,0.10998345166444776,0.3664911672018474,0.4171,1050900600.0,522001403.95251215,35336414.750335276,648.7139064931364,1280.0426776667782
06109003200,21,0.24809523874035463,0.007303237701456362,0.2497655024019325,0.032735315284558655,0.40762527032691764,0.5472,832901100.0,4339414742.283684,127740369.01719397,28503.910074118085,13957.590036293612
06065045616,1,0.24807204674692956,0.0045642694105747506,0.24807204674692956,0.0220847595483064,0.2598322232425878,0.7954,,0.0,0.0,247.07975855994184,145.37021939370072
06093000800,28,0.24771267189807342,0.017971419348675736,0.2740382745002686,0.13771413466227903,0.25498534855644645,0.5118,393873700.0,2731890185.286646,198197144.1272061,25683.840673079845,11770.315317908859
06037910815,1,0.24764914978016267,0.016645377696210727,0.24764914978016267,0.132400095462799,0.38983034016254386,0.3225,1069316000.0,264815198.24632442,17799168.69660127,1282.079648411902,487.86882506692046
06063000100,9,0.24740161386379533,0.010320646360505776,0.2517293810585784,0.056461599551969055,0.4729693802927027,0.3864,603707100.0,1344222997.5692852,56075827.35983847,12266.419416980838,5074.4545019603065
06045010802,2,0.24737149689473453,0.016136498773932854,0.27730775894365506,0.09774356521666044,0.349532380954681,0.4682,345404800.0,170886604.8212528,11147248.263421047,861.8422951812552,364.1308434290492
06107000802,5,0.24651693240571443,0.008100040131924802,0.26282334033368965,0.03831377588212484,0.4431334815488401,0.4721,600110400.0,739686874.5638313,24304591.617927227,4103.274339893116,1413.7746073467722
06111007614,1,0.24582759380614638,0.0055682346696644194,0.24582759380614638,0.0307351760566234,0.5476666859261157,0.3308,1298133500.0,319117034.7441511,7228311.960552816,2046.0230632485564,601.5401220436402
06065045900,9,0.2453180434169616,0.005442681922003169,0.24607434936705644,0.02445430867373939,0.3377029636003063,0.6589,145510400.0,321266939.62337506,7127701.411891049,3461.928228700162,1730.964114350081
06001450701,2,0.2450193569278497,0.006358657701143713,0.24586325496785144,0.16797343641519547,0.48470879573417325,0.0781,4949623800.0,2425507281.0215597,62945926.98726842,4115.83515767402,1362.7976632327
06077005503,4,0.24340676664649652,0.007195436506799775,0.24354924081492907,0.03406583890318867,0.41644615731634066,0.5072,99413400.0,96791577.02133927,2861291.230500355,1488.6757848099728,723.4049104733876
06021010200,4,0.2433713807561746,0.006941749685121142,0.24368164335968948,0.0348737938329577,0.47191494613231916,0.4218,607852800.0,591735900.9300274,16878247.93200002,4828.488194202504,1900.2437409442114
06105000200,40,0.2432597631752337,0.017752091561975734,0.2612515231820489,0.16825528834015127,0.26310706335052686,0.40099999999999997,504127800.0,4905360369.522063,357972914.5814956,18604.50668764187,14770.73282000019
06037930400,47,0.2431972049150227,0.017313601273179036,0.2689035275392419,0.13911542122034312,0.2611983143495038,0.4764,299644800.0,3425020557.8840866,243832737.76672947,15853.782591205414,6720.9979550315675
06005000301,4,0.24296103624786072,0.0037032512722126303,0.2432802141960043,0.016199116595089377,0.42000492650105337,0.5443,342144000.0,332510643.1439522,5068180.813119672,4923.362438526649,746.3763033534282
06049000200,41,0.24295558611121576,0.014161067007785319,0.2564475376352636,0.09789297475320533,0.23329699578204363,0.6201,147988800.0,1474142931.317715,85922851.84127133,15957.808806956873,10279.93675953776
06093000200,2,0.2427989645338749,0.005174022675298156,0.2428378173943799,0.02678833808749905,0.25034931830041796,0.7715,107328000.0,52118254.53098345,1110635.011388801,812.8909332594131,417.61421899826485
06035040302,10,0.24163072241590333,0.01282237639013242,0.2617597340490198,0.08100001104176041,0.4178357229834105,0.3789,492089800.0,1189040138.674974,63097606.33344984,9725.63657724011,4750.46000269666
06083002809,1,0.24113715588288145,0.005067286899376227,0.24113715588288145,0.0236748866736888,0.4401323751534568,0.4863,748162400.0,180409753.2745107,3791153.5281258766,1274.8921431527942,404.869284727358
06029003304,8,0.24069505886331855,0.0047725594863522805,0.24168729768547698,0.024507372640073237,0.2577379084776063,0.7556,112709100.0,217028187.67145324,4303287.075225822,5528.2841119727,1623.2474769742203
06019007203,1,0.24021492048257648,0.002022740757493796,0.24021492048257648,0.0309589430689811,0.6855848298269531,0.0953,212953200.0,51154536.0045102,430749.1170787278,354.0767927913177,123.95089896900946
06053010702,2,0.24001959802094483,0.0036342590703567304,0.240602606352264,0.1873382776975631,0.4597015305738775,0.0422,1472250600.0,706737994.3961897,10701080.193776276,1515.003702708204,764.7024392947302
06019005906,4,0.23973169221683713,0.011066226416060084,0.2730478317952905,0.0753490035422146,0.46132396815243276,0.3183,337637600.0,323769732.8161263,14945496.512700513,2130.7352804232482,744.1271726410624
06029003900,7,0.23853537010200135,0.007788378908821536,0.2410599751030974,0.0390026196837425,0.3781135342004336,0.528,217230300.0,362719770.0550814,11843103.208138824,4536.704203969964,1016.8762827448315
06079013000,1,0.2379475943422542,0.01078176388091095,0.2379475943422542,0.0601826161146163,0.32238762094982026,0.5557,1081312400.0,257295684.3124493,11658454.978301134,685.5270193000343,286.4889035880741
06001451104,5,0.23777877437181708,0.011065864060003847,0.24725606290135207,0.1619234949350357,0.4121900896809976,0.1658,1861312800.0,2212903381.5328755,102985172.08972564,8655.147387134142,2705.9224523512785
06025011901,3,0.23772692044574242,0.007118649687719746,0.23804466056314147,0.03548910096287723,0.3928745665476794,0.5106,165459600.0,118002603.4985531,3533546.789610702,1441.3383186625365,487.8156407546635
06077004704,1,0.23697231567594879,0.004790432759882124,0.23697231567594879,0.022833302617073,0.414052214558041,0.5067,946745600.0,224352497.18801555,4535321.137514258,1113.0589667299314,439.82061789456094
06059021924,4,0.23695408886502767,0.00832374000933409,0.23959814651079633,0.0964693464338779,0.5179980521602957,0.1666,1200937500.0,1138268204.3853765,39985166.069838636,4168.496331313567,1445.4199420766688
06089012400,13,0.2364239662880445,0.014573356903951201,0.271685313983886,0.10147168057469218,0.29616042000232795,0.4842,635040000.0,1951802782.170277,120310639.38770722,11860.681116772328,5163.499423730891
06107002702,11,0.2359878677678906,0.006680353607707337,0.23633009037063898,0.03395880792628629,0.3192948793491582,0.6161,440533100.0,1143565136.4519682,32372085.722894464,9994.086199970166,4233.858335623725
06041132200,1,0.23462005723270624,0.012422524905468697,0.23462005723270624,0.1520992219448089,0.38836815420100607,0.2103,1834026300.0,430299355.4722884,22783237.389034607,452.1128502874249,361.0802680811349
06099002901,3,0.23442498941400305,0.0054166223810974265,0.23505334345741907,0.027168867488702064,0.4187351855655068,0.4761,965705400.0,679156434.5161369,15692584.449559927,3604.284212240297,1322.8602152632193
06053011305,2,0.23414808543092192,0.004276078688422947,0.2358032433183129,0.02057054638862605,0.34814270745536297,0.5971,344122800.0,161151389.54625612,2942992.342560864,2018.3564964145467,540.4137811745677
06033001200,2,0.23397398915688536,0.00621462004566355,0.2342055339103294,0.03130164183676235,0.37047722746168066,0.5359,517702500.0,242257838.2429849,6434648.668380268,1418.350322269039,728.595002234541
06089012702,1,0.2339119659415465,0.004557924634935612,0.2339119659415465,0.0234013348817825,0.28483766166885094,0.6838,426576700.0,99781394.5218573,1944304.4496195382,575.6573481821459,406.77290877234935
06035040600,14,0.2335156103073381,0.014634451224083791,0.2564888291803835,0.11135212598102429,0.28053182438941987,0.4684,215462400.0,704393673.6799732,44144435.76793644,10804.767288920533,4733.828452150358
06071008711,2,0.23309705329784916,0.0072432564376098294,0.23355508246331932,0.08676063269376749,0.526722456503218,0.1585,705196800.0,328758592.15014535,10215842.522763703,1429.351130822411,543.5823282905842
06029004305,2,0.23268690138324943,0.0058420875308960694,0.23275881808180124,0.0298757087439298,0.39956349003761515,0.4894,77216000.0,35934303.554417975,902205.2615713417,877.2296182148503,176.84204505126957
06039000102,68,0.2319031126350872,0.014191582884117438,0.26426147485808826,0.10702447450774553,0.3001029179373814,0.4418,890848000.0,14048148837.762466,859692939.5822171,66688.8419066973,48948.25379011312
06031000100,6,0.23021615112766972,0.005321832336299671,0.23132768176168725,0.02754382696002718,0.3970807921588537,0.4866,493164000.0,681205907.7283566,15747216.733793344,4454.682524320409,1707.2829767627986
06071010300,8,0.23000390771726784,0.007489632005938006,0.24745060580836217,0.05161384877283122,0.2020566111028407,0.7179,194516400.0,357916256.9207613,11654850.040958716,6305.787133976615,3720.5432112345247
06095250106,2,0.22939886326020814,0.0027745648491506276,0.23152439595217164,0.057235244661569554,0.6168708030980778,0.0786,663400400.0,304366595.29273474,3681294.8615049324,1709.4803290150708,517.9826332415499
06077004106,1,0.22927852757678538,0.00626141556191742,0.22927852757678538,0.035863060504198,0.4398899910822879,0.3969,384148800.0,88077071.234389,2405315.2744119028,434.9413668131619,135.73288832545694
06073021102,1,0.2287098953645748,0.00379654099100605,0.2287098953645748,0.0192257203161716,0.3239901173549633,0.6095,282295800.0,64563842.87985894,1071747.5762888456,612.4850997863314,251.12346511030313
06065046401,5,0.2281428581026038,0.005015106928701963,0.2368705763486427,0.027831246331334058,0.44295744978978924,0.4067,573916000.0,654674182.7540698,14391250.540464578,4917.619306401625,1589.0150066846354
06103000100,8,0.22780771650593107,0.008970322085118124,0.2422766116683305,0.05528252967633303,0.27755483889254845,0.5845,677431300.0,1234592620.3411546,48614215.61232225,9285.442524781749,4809.476510873216
06089012500,9,0.22720030717001455,0.01379997232360359,0.2834507769252247,0.11504137350453265,0.2683320680591607,0.4459000000000001,282852600.0,578377778.4345353,35130222.46493386,3130.5930324956307,2416.956867674615
06107002701,97,0.22712356069851056,0.011185409124170192,0.2544154191898438,0.08174909286431425,0.23829671422117815,0.5738,798515500.0,17592083312.396297,866377088.2706583,31922.897826857756,55936.67189951128
06067009406,1,0.2270027943109601,0.004488731981518843,0.2270027943109601,0.023846935480833,0.41333108856847867,0.4554,514371400.0,116763745.11364058,2308875.3535586214,526.1924772128056,194.54139472449282
06089012303,1,0.22696392354592226,0.006612159440458222,0.22696392354592226,0.0488719418644905,0.49162650871225666,0.2752,410342800.0,93133011.88681968,2713252.01884406,810.0342431353965,329.3246530651332
06017031406,1,0.22654755775448088,0.005040123436918855,0.22654755775448088,0.0392581410706043,0.5274616240639292,0.2434,819091200.0,185563110.93818703,4128320.7540939893,1217.0134802570713,536.4646167626107
06025010300,1,0.22534374539949328,0.005534799695880692,0.22534374539949328,0.0309325605630874,0.2943915503931653,0.6078,107489200.0,24222018.917995214,594931.1914704589,235.70955768787,82.02512332541555
06071940100,1,0.2253126394972883,0.005876582092719687,0.2253126394972883,0.033005267381668,0.3971666860215144,0.4483,123434100.0,27811262.874972235,725370.6216909711,292.9064313464748,347.2067774653213
06085513500,38,0.22512620566769748,0.01090939375107713,0.2929024861135285,0.21387649954933866,0.2662265196434271,0.1916,403686000.0,3453451303.5244646,167350841.98029822,10479.624873831317,3507.4662843027263
06015000202,5,0.22488361757384126,0.01390367307413628,0.23850390404221708,0.13847288787364956,0.278290578790055,0.3608,565601100.0,635972107.3587197,39319663.923859306,3919.7214543120535,2027.325812428179
06039000111,1,0.22472427717915297,0.007949475185585904,0.22472427717915297,0.0501484498381614,0.40376684086690756,0.3926,331214400.0,74431916.63132684,2632980.6539087235,499.56206816925703,266.97244128883375
06079013100,2,0.2237901387686858,0.006232189130307495,0.22380493716650374,0.0408682264387607,0.45385341849768485,0.336,1570482000.0,702916769.4274465,19575081.69948715,2414.69559731412,1023.1685144504315
06007002401,1,0.22227461840656904,0.00996920579517783,0.22227461840656904,0.0677215754985809,0.29231276885759516,0.5036,144656200.0,32153401.65514433,1442107.4273484033,247.83619952332447,170.48463231783845
06053011303,6,0.22225907127656017,0.007854220351193947,0.23967422528824758,0.04806211404502386,0.3488267141801608,0.4679,502887600.0,670627985.5949897,23698740.133698486,5618.264803728887,1956.3243453762825
06095252903,11,0.22208676318559675,0.008770835378237791,0.22305411023689373,0.08076092058962038,0.4420210096359552,0.2455,1444443000.0,3528708375.237022,139358689.42872724,10658.610025566344,4541.452220382268
06007003600,1,0.22169132821210372,0.005143511007513703,0.22169132821210372,0.0290807448327541,0.38110318598575554,0.4641,330617700.0,73295077.04343085,1700535.7792288633,935.0940223986535,293.2976272246132
06033000501,3,0.2207668791201763,0.005806780920897499,0.22097558338652118,0.033687517046928364,0.36434373532237374,0.4731,405597000.0,268627151.61151844,7065638.763519788,1854.441784609481,1268.305720545413
06019008402,1,0.21965384456581233,0.004786557256718063,0.21965384456581233,0.0279773138463497,0.2841506254754583,0.6021,77172000.0,16951126.49283287,369388.19661544636,241.83888286695938,71.82680717302063
06035040200,26,0.21779750394119324,0.009454365073545455,0.22792562317857953,0.06822124395806052,0.2694229398738766,0.5143,410040000.0,2321947901.4172187,100793364.22367103,13930.328352078719,14439.974511301112
06067009403,2,0.21729355261760774,0.0058256094435216715,0.21730261676646634,0.04108088277280325,0.44191037077068707,0.3209,372850800.0,162036149.8566343,4344166.28300922,834.8418291568489,310.2951931379439
06005000201,1,0.2164462593168194,0.004269115330900503,0.2164462593168194,0.0258104354143142,0.4086034720322077,0.4048,570320500.0,123443738.8366981,2434763.9900768404,527.6959802144057,249.12964447365914
06115041001,13,0.2121971380158508,0.006688466354539168,0.22341763915905777,0.04952783151887925,0.39951074085470384,0.3379,569439000.0,1570833238.9699047,49512756.702011585,9635.659840161768,4330.943586903514
06113011207,2,0.21139657211888765,0.005679627606929706,0.21247875878939468,0.056445209309458705,0.466846558213861,0.2156,770118800.0,325600948.8886224,8747975.994191155,1071.7806206427604,408.84097047792875
06073020902,5,0.21129759815481025,0.0048159137978454345,0.2150421261782082,0.03027166500687594,0.35620588550457427,0.4465,572284600.0,604611807.2049316,13780366.507172275,2497.5376101898573,1265.6726129473134
06051000101,11,0.210630344769538,0.0068663101725300905,0.21512894174378178,0.04872546141797842,0.26122538020182945,0.5395,940132500.0,2178224758.644525,71007654.83103761,9358.095587765805,5966.104515597165
06095253501,1,0.2097560725032096,0.004192805984559017,0.2097560725032096,0.0293015465140342,0.4268843308206416,0.3352,1345092900.0,282141403.85595244,5639713.5609078435,1199.3852225733524,728.4828398036469
06033001101,1,0.20950211586397494,0.005302271103565388,0.20950211586397494,0.0369374975562095,0.3937112236195674,0.3646,282854800.0,59258679.082281455,1499772.832544767,305.66358704553943,178.7053048319706
06073020903,1,0.20888726077174222,0.002840425659805675,0.20888726077174222,0.01732112839818,0.288555655242174,0.5683,423519200.0,88467765.57223965,1202974.8031003717,582.7954575531608,322.52193063157
06043000102,2,0.2078060935909963,0.007649509684477408,0.2078119992419008,0.0573031865060329,0.31131500112659954,0.4288,409836000.0,170332836.34591913,6270088.902094966,1122.984129765744,579.3633889316977
06071025100,5,0.20694704131348435,0.0038151849216348593,0.20814554979946556,0.028212561085820143,0.20666920256858096,0.6542,188038800.0,194570366.56069013,3587013.972211565,1509.6786663818684,2349.8836541146147
06023010902,1,0.20646031163655762,0.008183625163262674,0.20646031163655762,0.0665840879082679,0.3254942256080789,0.3776,805182000.0,166238126.64414674,6589307.676206167,845.66143646334,416.63690888257327
06113010505,1,0.20615175190916488,0.003970729282479939,0.20615175190916488,0.0416181683540344,0.4872755591071589,0.1958,1496707200.0,308548811.3750608,5943019.106338559,1019.4204131908203,420.13727039087803
06071012105,1,0.20580512981013577,0.007732075220081675,0.20580512981013577,0.0643496140837669,0.34970107589417443,0.3436,318827000.0,65616232.12197616,2465194.34619298,549.0880863334422,236.88170441146627
06067009336,2,0.20545364575248765,0.0017581859750638617,0.20545474660390808,0.0180972553789615,0.5332167268766898,0.1822,1138485600.0,467812034.3134167,4003338.8294643313,1741.0141941065804,563.7648039448261
06111005305,3,0.20340403870706456,0.0013190795570381588,0.20359271126900574,0.02405252556006107,0.5742592530901134,0.09549999999999999,2305518100.0,1406855078.5567136,9123485.382274374,3206.6646702168723,1128.282202708087
06101050800,1,0.2024612958444814,0.006149305109956954,0.2024612958444814,0.0519484691321849,0.3813568709279632,0.3104,375164000.0,75956189.59419902,2306997.9022718905,642.612153010384,267.4513718105599
06053011400,43,0.2020398162284425,0.007755556527314905,0.21237240584144176,0.06503860752076598,0.2656017082268651,0.4492,616620800.0,5357023983.929314,205636211.22367993,38703.75739580159,12788.312207995497
06079010301,5,0.20186888520317256,0.003468611472880841,0.20281645572385068,0.02296805828809734,0.31548285353041294,0.4787,711436800.0,718084768.5425622,12338489.233548163,3541.7895908896626,1542.2782829522384
06057000701,3,0.19998446476580148,0.003463295935294049,0.20012858303370815,0.037454215188821104,0.47419119057130305,0.19499999999999998,1609882200.0,965854290.308973,16726495.438686725,4353.861782416264,1981.6460613643271
06019006407,1,0.198865380187429,0.007948210981841475,0.198865380187429,0.1077854037284851,0.33764226107728823,0.2184,478771300.0,95211036.59732963,3805375.3044505194,478.6689701111416,249.17832137484854
06087121000,6,0.1988457005841079,0.0010465105551532513,0.20077705968774096,0.0788949740429719,0.5141273785420731,0.0258,1611695800.0,1922872682.8767853,10119939.99837698,4095.823740631454,1690.5861463660851
06093001200,12,0.19872543296536152,0.007896241781839224,0.20592115397877875,0.07389660303791358,0.2311904381546824,0.4621,263283000.0,627852338.0090313,24947354.700575717,2687.562755423549,2809.1827203983503
06039000109,1,0.1986123089091127,0.0026036439454042034,0.1986123089091127,0.0173272546380758,0.3096289386335826,0.4853,398434800.0,79134055.57774054,1037382.3546583347,438.933202689139,217.28186594656927
06051000102,12,0.19710563551459562,0.009158598016257052,0.215160211815941,0.10541336797177787,0.239396505095689,0.3629,369163500.0,873170475.3155091,40572241.18529412,4950.505141584584,3739.4881169829087
06083001905,1,0.1970400265311506,0.002316367121557638,0.1970400265311506,0.0168054103851318,0.39779107112861567,0.3465,1813103500.0,357253961.743722,4199813.3353810785,553.0913544729398,272.90043674564356
06019006408,113,0.19641427859346283,0.008270264198720657,0.21464720901959433,0.08484441549640837,0.2265069028175288,0.4302,201040000.0,4462045302.232564,187879892.33972052,19442.6566094097,15935.876079402013
06055201403,1,0.19545024906296832,0.0011579605327990258,0.19545024906296832,0.1730176508426666,0.35040474547211675,0.0191,738000369.0,144242355.92961252,854575.3004931177,194.66844806671645,72.12114190423532
06061021304,2,0.19537981657450532,0.003597421050236165,0.19637419805663772,0.047356627881526905,0.46293834211247287,0.1641,1153318900.0,450670470.2678205,8297947.3769904375,2182.7833107703736,863.1880296261645
06089012603,3,0.19455955459560403,0.006827106908644063,0.19533475597774408,0.07117633273204166,0.3440379607652773,0.2788,626515200.0,365683554.7781273,12831858.750871552,2523.826542214176,1533.9075284317423
06019005916,1,0.19450635421602203,0.0012731883245260189,0.19450635421602203,0.0152162378653883,0.514594117611093,0.1626,448592300.0,87254052.80238001,571142.4788322732,503.77145741949704,184.5865301510049
06029004605,13,0.1944196090128645,0.005376434782621897,0.19804409308242074,0.045710529988774826,0.3434811467282569,0.3426,268538400.0,678718699.5282228,18769129.52498522,8980.0473206952,2365.6978024685354
06059032011,1,0.1940922470393049,0.004685035676794837,0.1940922470393049,0.0873923078179359,0.4152536437677898,0.1291,474707200.0,92136987.13373671,2224020.168031382,324.71632929675707,136.64094191567065
06113010401,1,0.19159784215807768,0.004615006946007328,0.19159784215807768,0.0662578269839286,0.41682976222037793,0.1671,1792470500.0,343433479.9320106,8272263.808013228,889.0139876134805,378.02254257788724
06043000302,5,0.19019185715866996,0.004704812337389228,0.19474546699496673,0.04046348407864566,0.3352670503978238,0.3469,477761100.0,454331354.43584514,11238881.588023242,2128.246881605517,1528.1915722699132
06059032041,1,0.18775545443884112,0.005297690484467797,0.18775545443884112,0.0566553585231304,0.35662591725758636,0.2622,356785800.0,66988480.01632548,1890140.7376532305,178.9309480802156,74.91442632109761
06029003827,2,0.18714176144984793,0.0007676935262328395,0.19847149640376652,0.063773775473237,0.5015829123774314,0.0239,279531200.0,104623922.29637945,429188.58524019417,896.4090373447716,266.48986830458347
06079010017,2,0.18640178694078774,0.002294194301639049,0.18651808287992935,0.01972431689500805,0.3892654283109457,0.2988,1270890800.0,473792632.25321454,5831340.862730985,1738.755868583668,1186.2609720911732
06067009653,2,0.18525380472078898,0.0019130447354519385,0.1852832754141281,0.02092495094984765,0.4459710974862172,0.205,317945600.0,117801264.18846817,1216488.3124802157,1311.9674450326274,243.7940070125583
06093000902,3,0.18250851316865943,0.0017574404316627226,0.1826509118427634,0.015584728990991864,0.38925382891054494,0.2897,416173400.0,227865565.3630373,2194199.879227629,2013.798934302988,972.9528837021232
06069000802,1,0.18183501539593092,0.003657769380288864,0.18183501539593092,0.03190553560853,0.27387415863888637,0.4186,1010817600.0,183802033.85847795,3697337.666337077,642.7867794246158,242.9315805689637
06083002006,1,0.18178906910067777,0.0025880704107201593,0.18178906910067777,0.0229638330638408,0.3575571752291913,0.3152,772022600.0,140345269.7786849,1998048.8474672453,490.83048657182997,192.3328351085171
06035040100,81,0.18165498683478673,0.007313118797779257,0.22625234962040391,0.10906180652019414,0.22614694524896556,0.2964,339252700.0,4991782524.925434,200960619.1029567,24822.608986013103,15994.176625842469
06063000202,42,0.18047305007388875,0.006606152487869747,0.20742148033861463,0.12394918838427176,0.2565948529391762,0.2076,345972000.0,2622422127.366864,95992839.11839744,8716.848318568827,10005.425896096393
06007001400,6,0.18005657058588595,0.0019288887773107877,0.1849068025449339,0.02362458314746615,0.4362142633738429,0.18689999999999998,1342936800.0,1450827568.3295028,15542254.332945969,6678.658316171682,2550.6813789196603
06065940100,1,0.17835345218643373,0.0023463273719335352,0.17835345218643373,0.0226189978420734,0.3698131775513234,0.2805,206912100.0,36903487.33414459,485483.52381424885,33.17374210667667,249.5164796088208
06049000400,6,0.1780030392746321,0.0045212170832981445,0.1919584761276107,0.04504925043632583,0.24286138018823053,0.4131,151898400.0,162230261.16572264,4120593.846033929,1478.137238136545,925.9718103066361
06021010502,17,0.17383232595230477,0.003766813006753385,0.18222333811965857,0.03926604460267456,0.30286434550322505,0.3167,252871600.0,747273392.7197741,16192840.542615168,4072.1960677586917,2059.739230208859
06019006302,1,0.17191073800949574,0.0015455836928122883,0.17191073800949574,0.0247953291982412,0.4365102447012505,0.1428,425981400.0,73230776.85231821,658389.9052813485,356.88669210771315,174.3174883416287
06089012604,6,0.17147910020272947,0.0036956515993261663,0.17969187008393384,0.0413082980861266,0.3107498371988872,0.288,352185600.0,362354818.7541504,7809331.655397872,2386.989074821994,1110.1556947124704
06099000102,1,0.17116641416145534,0.001836613964794339,0.17116641416145534,0.0290659759193658,0.42237808733924154,0.1496,840541500.0,143872474.50889093,1543750.256889181,646.6667127019782,232.6151568454178
06017030603,4,0.17013224549421802,0.0038722995652359666,0.17182940985494966,0.046419512480497305,0.3108082975132312,0.2684,611555400.0,416181173.7844588,9472502.83815083,2720.7548699435347,1414.13922454794
06061021328,9,0.16532090749555162,0.00019761315509264426,0.17390953420182886,0.03807177891333893,0.4804167267962738,0.0108,1310599700.0,1950025785.906579,2330925.6760242577,11200.822124638613,3286.744961919061
06061020200,7,0.16512433453411451,0.0034050575561599176,0.16726191549600042,0.050483840384653575,0.33000804780595905,0.2044,1094133600.0,1264676578.1399052,26079115.17489917,7684.226031879553,3301.1656960060172
06027000500,13,0.16376528485541414,0.004179203155440254,0.18230689968555663,0.05341767892241472,0.22378815131402263,0.3496,296077600.0,630334022.5429958,16085789.722277304,4847.616197005114,2920.917620681167
06029003307,7,0.1621051092775673,0.0022496553394653522,0.16333020494116682,0.0254939853080681,0.30506038874511077,0.2892,693134000.0,786523939.6979812,10915188.228454841,2418.121915093471,2853.860448831572
06029006011,21,0.16156799886160503,0.0026587665215729874,0.16121615675671566,0.031325509416915066,0.29368414717715835,0.289,383913600.0,1302591193.8428485,21435469.163987827,10440.039382440333,4678.84767903322
06049000300,5,0.1603143302484761,0.0024465054778047357,0.16229301702223675,0.02740529142320152,0.2304389484562511,0.3874,405374800.0,324936947.80804974,4958758.343819995,2058.436000390433,1369.8859519732282
06079012708,11,0.15763157156586105,0.003169980285065045,0.1666158457701422,0.04032432982190084,0.23849802218303545,0.3296,271025500.0,469943930.49365604,9450600.40924886,1619.5067662676565,1052.5060033452542
06109003103,7,0.1541109092906933,0.002624519065494289,0.15911612505214062,0.034800770027296826,0.26976841425681625,0.2789,707919000.0,763686285.559108,13005628.38627956,1018.3648885929011,2556.6999851326013
06079010303,6,0.14889855205791128,0.0012648713358533196,0.14970143226210753,0.0203791571160157,0.34102991166634483,0.18200000000000002,579613100.0,517821308.0627841,4398815.976450502,2432.704543522155,1030.0801831366302
06073018700,10,0.14771936257093504,0.0023838852134147387,0.14984976851561418,0.03861154280602927,0.28217863722640135,0.21879999999999997,,0.0,0.0,58161.54462505425,11758.461260646429
06025012400,10,0.14620775857342733,0.0018667731812299637,0.14837498389820078,0.025896908901631783,0.18646434707537146,0.3866,52224000.0,76355539.8373867,974903.6261655362,684.25231012364,1871.45930973987
06017032002,1,0.14563959848694613,0.001026250893439813,0.14563959848694613,0.0628670156002044,0.34955363562281316,0.0467,984375000.0,143363979.7605876,1010215.723229816,39.031412394501565,229.38236761694014
06067007101,1,0.13295433907158113,0.0007791920876987842,0.13295433907158113,0.0437464267015457,0.3348037524026943,0.0532,90000000.0,11965890.516442303,70127.28789289057,45.20447528433758,12.763616550871788
06045990100,1,0.10579506627013592,,0.10579506627013592,0.1688235700130462,0.0007475600319521026,,,0.0,0.0,0.0,0.0
